Brand,Model,CPU,GPU,RAM_GB,Storage_GB,Touchscreen,Weight_kg,Screen_Size_inch,Discount_percent,Price_SGD,Brand_Discount,Member_Discount
Acer,Aspire 5,Intel i9-14900HK,NVIDIA RTX 4070,64,256,False,1.56,16.0,5.28,3207.6,80,160.38
Acer,Nitro 5,AMD Ryzen 9 8900HX,AMD Radeon 780M,32,1024,True,1.45,14.0,6.01,2568.4,80,179.79
Acer,Nitro 5,AMD Ryzen 5 8600H,NVIDIA RTX 4050,32,2048,False,1.34,14.0,6.56,2050.8,80,143.56
Acer,TravelMate P6,Intel Core Ultra 7 15500H,NVIDIA RTX 4060,16,4096,True,1.18,13.3,4.62,2477.59,80,173.43
Acer,Predator Helios 300,Intel i7-14800H,NVIDIA RTX 4070,8,1024,True,1.31,14.0,4.81,2626.4,80,183.85
Acer,Aspire 5,Intel i9-14900HK,NVIDIA RTX 4080,32,256,False,3.34,17.3,4.35,3351.6,80,234.61
Acer,TravelMate P6,Intel i9-14900HK,NVIDIA RTX 4080,128,1024,True,1.11,13.3,4.32,4366.4,80,305.65
Acer,Predator Helios 300,Intel Core Ultra 9 15700H,NVIDIA RTX 4070,16,2048,True,1.29,13.3,6.22,2572.8,80,128.64
Acer,Swift 3,Intel i5-14500H,NVIDIA RTX 4050,64,4096,False,1.4,13.3,5.05,2511.6,80,125.58
Acer,Nitro 5,Intel Core Ultra 9 15700H,NVIDIA RTX 4070,16,2048,False,1.15,13.3,5.13,2452.8,80,171.7
Acer,Nitro 5,Intel i5-14600H,Intel Iris Xe,32,256,True,1.06,14.0,5.4,1821.6,80,109.3
Acer,Swift 3,Intel i5-14500H,Intel Iris Xe,8,1024,True,2.47,15.6,3.66,1656.4,80,99.38
Acer,Swift 3,Intel Core Ultra 7 15500H,NVIDIA RTX 4060,8,2048,True,1.6,16.0,4.64,2158.8,80,129.53
Acer,Predator Helios 300,AMD Ryzen 5 8600H,NVIDIA RTX 4050,64,512,True,1.34,14.0,6.69,2273.2,80,113.66
Acer,Predator Helios 300,Intel i5-14500H,NVIDIA RTX 3050,128,1024,False,1.39,14.0,5.44,2466.4,80,172.65
Acer,Aspire 5,Intel i7-14800H,NVIDIA RTX 4060,16,2048,True,1.68,16.0,5.18,2522.8,80,126.14
Acer,Predator Helios 300,Intel i5-14600H,NVIDIA RTX 4050,16,2048,False,2.89,17.3,4.19,1952.8,80,117.17
Acer,Nitro 5,Intel i7-14700H,NVIDIA RTX 4070,8,2048,False,2.89,17.3,4.47,2638.8,80,184.72
Acer,Swift 3,Intel Core Ultra 9 15700H,Intel Arc A750M,64,2048,True,2.27,15.6,5.28,2106.8,80,105.34
Acer,Predator Helios 300,AMD Ryzen 5 8600H,NVIDIA RTX 4050,8,512,True,1.95,16.0,2.58,1855.2,80,92.76
Acer,Aspire 5,Intel i7-14700H,NVIDIA RTX 4060,64,1024,False,3.17,17.3,3.67,2684.4,80,161.06
Acer,TravelMate P6,Intel i7-14700H,NVIDIA RTX 4070,128,4096,True,1.72,16.0,2.54,3923.6,80,196.18
Acer,Swift 3,Intel Core Ultra 9 15700H,NVIDIA RTX 4070,32,2048,True,3.01,18.4,6.2,2650.8,80,132.54
Acer,Nitro 5,Intel i5-14600H,NVIDIA RTX 3050,64,1024,True,1.16,14.0,3.54,2154.4,80,150.81
Acer,Predator Helios 300,Intel i7-14700H,NVIDIA RTX 4070,16,4096,False,1.02,14.0,6.77,2957.6,80,147.88
Acer,Predator Helios 300,AMD Ryzen 5 8600H,NVIDIA RTX 3050,16,2048,True,2.58,17.3,5.17,1822.8,80,109.37
Acer,Predator Helios 300,Intel i9-14900HK,NVIDIA RTX 4080,16,512,False,1.53,15.6,2.11,3249.2,80,194.95
Acer,Nitro 5,Intel i5-14500H,NVIDIA RTX 3050,64,4096,False,1.94,15.6,7.0,2291.6,80,160.41
Acer,Swift 3,AMD Ryzen 5 8600H,NVIDIA RTX 4050,32,1024,False,1.59,15.6,4.53,1978.4,80,138.49
Acer,TravelMate P6,Intel Core Ultra 7 15500H,NVIDIA RTX 4070,32,4096,True,2.34,15.6,3.74,2855.6,80,171.34
Acer,Swift 3,AMD Ryzen 9 8900HX,AMD Radeon 780M,8,2048,False,1.22,14.0,4.64,2438.8,80,121.94
Acer,Predator Helios 300,AMD Ryzen 9 8900HX,NVIDIA RTX 4080,16,512,True,1.46,14.0,6.53,3339.2,80,166.96
Acer,Predator Helios 300,Intel i7-14700H,NVIDIA RTX 4070,32,2048,True,1.96,16.0,4.22,2950.8,80,177.05
Acer,Nitro 5,Intel Core Ultra 9 15700H,NVIDIA RTX 4080,32,2048,False,2.98,18.4,4.14,2930.79,80,175.85
Acer,TravelMate P6,Intel i7-14800H,NVIDIA RTX 4070,64,4096,False,2.23,16.0,4.6,3291.6,80,230.41
Acer,Aspire 5,Intel Core Ultra 9 15700H,NVIDIA RTX 4070,8,2048,True,1.48,13.3,4.1,2428.8,80,145.73
Acer,Predator Helios 300,Intel i7-14700H,NVIDIA RTX 4070,128,4096,True,2.53,18.4,4.79,3923.6,80,235.42
Acer,Predator Helios 300,Intel i7-14700H,NVIDIA RTX 4060,16,512,True,2.63,18.4,3.17,2369.2,80,142.15
Acer,Swift 3,Intel Core Ultra 7 15500H,Intel Arc A750M,128,256,True,2.44,15.6,4.81,2439.61,80,146.38
Acer,Nitro 5,Intel i9-14900HK,NVIDIA RTX 4070,32,1024,True,1.19,13.3,6.76,3198.4,80,191.9
Acer,Predator Helios 300,Intel i7-14700H,NVIDIA RTX 4070,8,4096,True,1.18,13.3,4.65,3013.6,80,210.95
Acer,Swift 3,Intel Core Ultra 7 15500H,Intel Arc A750M,8,1024,False,1.35,14.0,3.45,1406.4,80,84.38
Acer,Predator Helios 300,Intel Core Ultra 9 15700H,Intel Arc A750M,64,1024,False,2.92,17.3,3.11,1884.4,80,94.22
Acer,TravelMate P6,Intel i5-14600H,NVIDIA RTX 3050,8,512,True,3.37,17.3,2.13,1605.2,80,96.31
Acer,Aspire 5,AMD Ryzen 9 8900HX,NVIDIA RTX 4070,64,1024,True,2.15,15.6,2.36,3404.4,80,204.26
Acer,Swift 3,Intel Core Ultra 9 15700H,NVIDIA RTX 4070,64,4096,False,2.44,16.0,3.96,2991.6,80,179.5
Acer,Aspire 5,Intel i5-14600H,Intel Iris Xe,32,2048,True,1.76,15.6,3.73,1950.81,80,117.05
Acer,Nitro 5,Intel i9-14900HK,NVIDIA RTX 4080,32,512,False,2.79,18.4,2.83,3377.2,80,202.63
Acer,Swift 3,Intel i9-14900HK,NVIDIA RTX 4080,128,2048,False,1.37,13.3,5.29,4268.8,80,256.13
Acer,Predator Helios 300,AMD Ryzen 5 8600H,NVIDIA RTX 3050,64,256,True,1.21,13.3,6.7,2077.6,80,145.43
Acer,Aspire 5,Intel Core Ultra 7 15500H,Intel Arc A750M,32,256,True,2.62,18.4,3.1,1671.6,80,117.01
Acer,Predator Helios 300,Intel i5-14500H,Intel Iris Xe,32,512,False,2.4,16.0,6.19,1677.2,80,100.63
Acer,Nitro 5,Intel Core Ultra 9 15700H,NVIDIA RTX 4080,32,1024,True,1.18,14.0,5.89,2998.4,80,209.89
Acer,Predator Helios 300,Intel i5-14500H,Intel Iris Xe,16,256,True,2.27,15.6,6.51,1643.6,80,98.62
Acer,Nitro 5,AMD Ryzen 7 8800H,NVIDIA RTX 4070,64,2048,False,2.01,15.6,3.56,3086.8,80,216.08
Acer,TravelMate P6,Intel i5-14500H,Intel Iris Xe,64,512,False,1.47,14.0,2.29,1903.2,80,95.16
Acer,Predator Helios 300,Intel i9-14900HK,NVIDIA RTX 4070,128,512,True,1.42,14.0,4.98,3835.2,80,268.46
Acer,Swift 3,AMD Ryzen 9 8900HX,NVIDIA RTX 4080,64,2048,False,2.52,17.3,6.64,3786.8,80,265.08
Acer,Swift 3,Intel i5-14600H,NVIDIA RTX 4050,128,1024,False,1.25,13.3,6.4,2796.4,80,167.78
Acer,TravelMate P6,AMD Ryzen 7 8800H,NVIDIA RTX 4060,32,1024,True,1.11,13.3,5.91,2598.4,80,155.9
Acer,Predator Helios 300,AMD Ryzen 7 8800H,NVIDIA RTX 4060,32,4096,True,2.75,18.4,3.19,2855.6,80,199.89
Acer,Nitro 5,Intel i5-14500H,NVIDIA RTX 4050,8,1024,False,3.11,17.3,3.17,1786.4,80,107.18
Acer,Nitro 5,Intel i5-14600H,NVIDIA RTX 4050,128,1024,True,1.3,13.3,5.45,2836.4,80,170.18
Acer,Predator Helios 300,Intel i9-14900HK,NVIDIA RTX 4080,32,4096,False,2.8,18.4,5.27,3735.6,80,261.49
Acer,Predator Helios 300,Intel i7-14700H,NVIDIA RTX 4060,16,1024,True,1.1,14.0,2.03,2470.4,80,123.52
Acer,TravelMate P6,AMD Ryzen 7 8800H,NVIDIA RTX 4070,128,2048,False,3.06,18.4,6.26,3598.81,80,179.94
Acer,Predator Helios 300,Intel i9-14900HK,NVIDIA RTX 4070,128,2048,True,1.9,16.0,2.96,4018.8,80,200.94
Acer,TravelMate P6,Intel i7-14800H,NVIDIA RTX 4070,16,2048,False,1.79,15.6,6.76,2702.8,80,162.17
Acer,Predator Helios 300,Intel i9-14900HK,NVIDIA RTX 4080,64,512,False,1.46,14.0,2.06,3603.2,80,252.22
Acer,Predator Helios 300,Intel i9-14900HK,NVIDIA RTX 4080,32,256,True,2.43,15.6,4.97,3471.6,80,208.3
Acer,Swift 3,Intel Core Ultra 9 15700H,NVIDIA RTX 4070,8,1024,False,3.25,18.4,6.55,2236.4,80,111.82
Acer,Aspire 5,Intel Core Ultra 7 15500H,NVIDIA RTX 4070,128,4096,True,2.24,15.6,3.76,3623.6,80,217.42
Acer,TravelMate P6,Intel i7-14700H,NVIDIA RTX 4060,64,512,False,1.16,14.0,4.42,2683.2,80,187.82
Acer,Aspire 5,Intel i7-14800H,NVIDIA RTX 4080,128,2048,False,1.97,15.6,4.73,3998.8,80,239.93
Acer,Predator Helios 300,Intel i7-14800H,NVIDIA RTX 4070,8,256,False,1.12,13.3,2.84,2509.6,80,150.58
Acer,Nitro 5,Intel Core Ultra 7 15500H,Intel Arc A750M,128,4096,True,1.39,14.0,5.4,2793.6,80,139.68
Acer,Aspire 5,AMD Ryzen 5 8600H,NVIDIA RTX 3050,64,4096,True,1.17,14.0,2.49,2461.6,80,123.08
Acer,Swift 3,Intel i7-14800H,NVIDIA RTX 4060,8,1024,False,1.22,14.0,2.98,2286.4,80,160.05
Acer,Aspire 5,Intel i9-14900HK,NVIDIA RTX 4080,64,256,True,3.0,18.4,3.1,3727.6,80,260.93
Acer,Swift 3,Intel i7-14700H,NVIDIA RTX 4070,8,1024,True,1.31,13.3,6.21,2626.4,80,131.32
Acer,Nitro 5,Intel i5-14500H,Intel Iris Xe,8,1024,False,1.2,14.0,3.83,1586.4,80,111.05
Acer,Swift 3,Intel i5-14600H,Intel Iris Xe,64,256,True,2.75,17.3,2.2,2027.6,80,101.38
Acer,Swift 3,Intel i5-14500H,NVIDIA RTX 4050,64,4096,True,2.84,18.4,3.2,2661.6,80,186.31
Acer,Aspire 5,AMD Ryzen 5 8600H,NVIDIA RTX 3050,16,1024,True,3.15,18.4,3.87,1720.4,80,120.43
Acer,Predator Helios 300,Intel i9-14900HK,NVIDIA RTX 4080,64,2048,True,2.56,18.4,4.73,3906.8,80,195.34
Acer,Predator Helios 300,Intel i9-14900HK,NVIDIA RTX 4070,8,2048,True,3.13,18.4,4.24,3058.8,80,152.94
Acer,Nitro 5,Intel Core Ultra 9 15700H,Intel Arc A750M,16,2048,False,2.92,18.4,2.19,1602.8,80,96.17
Acer,Predator Helios 300,Intel i7-14700H,NVIDIA RTX 4060,16,2048,True,2.73,17.3,4.06,2522.8,80,126.14
Acer,TravelMate P6,Intel i5-14600H,NVIDIA RTX 3050,8,4096,True,3.4,17.3,3.46,1963.6,80,117.82
Acer,Predator Helios 300,Intel i5-14500H,NVIDIA RTX 4050,128,512,False,1.47,14.0,2.94,2665.2,80,133.26
Acer,Swift 3,Intel i7-14800H,NVIDIA RTX 4060,16,512,True,2.36,15.6,3.01,2369.2,80,142.15
Acer,Nitro 5,Intel i7-14800H,NVIDIA RTX 4080,8,1024,True,3.01,17.3,4.22,3056.4,80,152.82
Acer,TravelMate P6,AMD Ryzen 7 8800H,AMD Radeon 780M,64,512,False,1.19,13.3,6.65,2433.2,80,170.32
Acer,TravelMate P6,Intel i5-14600H,NVIDIA RTX 3050,128,512,True,3.07,18.4,3.17,2565.2,80,128.26
Acer,Predator Helios 300,AMD Ryzen 9 8900HX,AMD Radeon 780M,128,1024,True,3.15,17.3,5.38,3366.4,80,201.98
Acer,Swift 3,AMD Ryzen 9 8900HX,NVIDIA RTX 4080,16,2048,False,2.84,18.4,2.73,3402.8,80,170.14
Acer,Swift 3,AMD Ryzen 7 8800H,NVIDIA RTX 4060,64,1024,False,3.35,17.3,5.55,2684.4,80,161.06
Acer,Nitro 5,Intel Core Ultra 9 15700H,Intel Arc A750M,32,512,False,2.56,18.4,4.64,1577.2,80,110.4
Acer,Aspire 5,Intel Core Ultra 7 15500H,Intel Arc A750M,128,256,False,1.35,14.0,5.0,2289.6,80,114.48
Acer,TravelMate P6,AMD Ryzen 9 8900HX,NVIDIA RTX 4080,128,1024,False,2.28,15.6,2.99,4196.4,80,293.75
Acer,Aspire 5,Intel Core Ultra 9 15700H,NVIDIA RTX 4080,16,512,False,1.05,13.3,6.29,2699.2,80,161.95
Acer,Predator Helios 300,Intel i7-14800H,NVIDIA RTX 4060,16,512,True,1.41,14.0,3.13,2339.2,80,140.35
Acer,Predator Helios 300,Intel i5-14500H,NVIDIA RTX 3050,8,4096,True,1.67,16.0,6.15,1963.6,80,137.45
Acer,Aspire 5,Intel i9-14900HK,NVIDIA RTX 4070,64,2048,False,1.17,14.0,5.51,3436.8,80,206.21
Acer,Swift 3,Intel i5-14600H,Intel Iris Xe,32,256,True,2.39,16.0,4.04,1771.6,80,106.3
Acer,TravelMate P6,Intel Core Ultra 9 15700H,NVIDIA RTX 4080,8,1024,False,1.22,13.3,6.19,2686.4,80,161.18
Acer,Nitro 5,AMD Ryzen 9 8900HX,NVIDIA RTX 4080,128,256,False,1.45,14.0,3.77,4089.6,80,204.48
Acer,Swift 3,Intel i9-14900HK,NVIDIA RTX 4080,32,2048,False,2.01,15.6,6.61,3530.8,80,247.16
Acer,TravelMate P6,Intel Core Ultra 9 15700H,NVIDIA RTX 4070,16,1024,False,1.86,15.6,5.46,2300.4,80,138.02
Acer,Swift 3,Intel i7-14700H,NVIDIA RTX 4060,64,256,False,2.02,15.6,5.08,2607.6,80,130.38
Acer,TravelMate P6,AMD Ryzen 9 8900HX,NVIDIA RTX 4080,64,256,True,1.38,14.0,5.43,3697.6,80,258.83
Acer,Nitro 5,Intel Core Ultra 9 15700H,Intel Arc A750M,64,512,True,1.09,13.3,2.15,2003.2,80,140.22
Acer,Predator Helios 300,Intel i5-14500H,Intel Iris Xe,128,256,True,2.45,16.0,2.58,2539.6,80,152.38
Acer,Predator Helios 300,Intel i5-14500H,NVIDIA RTX 3050,8,256,True,3.48,18.4,3.43,1579.6,80,110.57
Acer,Predator Helios 300,Intel Core Ultra 7 15500H,NVIDIA RTX 4070,32,256,False,1.32,13.3,6.59,2321.6,80,116.08
Acer,Aspire 5,Intel Core Ultra 7 15500H,Intel Arc A750M,64,1024,False,1.45,13.3,6.64,1854.4,80,92.72
Acer,Nitro 5,Intel Core Ultra 9 15700H,NVIDIA RTX 4070,32,512,False,1.67,16.0,6.76,2377.2,80,118.86
Acer,Swift 3,AMD Ryzen 7 8800H,AMD Radeon 780M,128,512,True,2.89,17.3,4.52,3015.2,80,150.76
Acer,Aspire 5,AMD Ryzen 7 8800H,NVIDIA RTX 4060,64,512,False,2.33,15.6,2.37,2633.2,80,131.66
Acer,Swift 3,Intel Core Ultra 7 15500H,NVIDIA RTX 4070,32,512,True,1.82,15.6,5.77,2497.2,80,174.8
Acer,Aspire 5,Intel i7-14700H,NVIDIA RTX 4060,8,512,False,1.42,14.0,6.42,2155.2,80,129.31
Acer,Predator Helios 300,Intel i7-14800H,NVIDIA RTX 4080,64,4096,True,1.8,15.6,5.81,3811.6,80,266.81
Acer,Swift 3,Intel i5-14600H,NVIDIA RTX 4050,32,256,False,1.58,15.6,5.42,1901.6,80,133.11
Acer,Nitro 5,AMD Ryzen 9 8900HX,NVIDIA RTX 4080,64,256,False,1.93,16.0,3.59,3607.6,80,180.38
Acer,Aspire 5,Intel Core Ultra 9 15700H,NVIDIA RTX 4070,128,256,True,1.37,13.3,4.32,3209.6,80,192.58
Acer,Swift 3,Intel i7-14800H,NVIDIA RTX 4070,32,4096,True,1.66,15.6,2.08,3155.6,80,157.78
Acer,Swift 3,AMD Ryzen 7 8800H,NVIDIA RTX 4060,8,512,False,2.79,18.4,2.15,2185.2,80,131.11
Acer,Aspire 5,AMD Ryzen 5 8600H,NVIDIA RTX 4050,128,256,True,2.54,17.3,5.55,2789.6,80,139.48
Acer,Nitro 5,AMD Ryzen 9 8900HX,NVIDIA RTX 4070,64,512,True,3.0,17.3,5.64,3353.2,80,167.66
Acer,TravelMate P6,Intel i7-14700H,NVIDIA RTX 4060,32,512,True,2.32,15.6,4.74,2497.2,80,124.86
Acer,Aspire 5,Intel i7-14700H,NVIDIA RTX 4060,32,4096,False,1.55,16.0,6.47,2735.6,80,164.14
Acer,Nitro 5,Intel i7-14800H,NVIDIA RTX 4080,64,4096,False,2.23,15.6,3.61,3691.6,80,258.41
Acer,Predator Helios 300,Intel i7-14800H,NVIDIA RTX 4070,128,2048,True,1.49,13.3,3.41,3688.8,80,184.44
Acer,Aspire 5,Intel Core Ultra 7 15500H,NVIDIA RTX 4060,128,4096,False,3.01,17.3,4.31,3203.59,80,224.25
Acer,Aspire 5,AMD Ryzen 5 8600H,AMD Radeon 680M,32,512,True,3.27,17.3,5.38,1797.2,80,89.86
Acer,Predator Helios 300,Intel i5-14500H,Intel Iris Xe,64,256,True,1.92,15.6,5.83,2027.6,80,101.38
Acer,Aspire 5,AMD Ryzen 5 8600H,NVIDIA RTX 3050,128,256,False,1.26,14.0,2.09,2469.6,80,172.87
Acer,TravelMate P6,AMD Ryzen 5 8600H,NVIDIA RTX 3050,64,2048,False,3.01,18.4,2.39,2086.8,80,146.08
Acer,Predator Helios 300,Intel i7-14800H,NVIDIA RTX 4070,8,512,False,1.18,13.3,6.46,2535.2,80,152.11
Acer,Nitro 5,Intel i5-14500H,NVIDIA RTX 4050,32,2048,False,1.74,15.6,4.2,2080.8,80,104.04
Acer,Aspire 5,Intel i7-14800H,NVIDIA RTX 4060,64,2048,False,1.18,13.3,2.94,2836.8,80,141.84
Acer,Aspire 5,AMD Ryzen 7 8800H,NVIDIA RTX 4060,32,2048,False,1.35,14.0,2.16,2500.8,80,125.04
Acer,Aspire 5,AMD Ryzen 9 8900HX,AMD Radeon 780M,64,4096,True,1.89,15.6,6.9,3161.6,80,221.31
Acer,Aspire 5,Intel Core Ultra 7 15500H,Intel Arc A750M,8,256,False,2.29,16.0,4.61,1359.6,80,81.58
Acer,Aspire 5,Intel i5-14600H,NVIDIA RTX 3050,128,4096,True,1.1,13.3,6.62,2973.6,80,178.42
Acer,Predator Helios 300,Intel Core Ultra 7 15500H,NVIDIA RTX 4070,64,256,False,1.38,14.0,3.76,2577.6,80,180.43
Acer,Predator Helios 300,Intel Core Ultra 7 15500H,NVIDIA RTX 4060,64,512,False,1.3,13.3,6.79,2303.2,80,161.22
Acer,Predator Helios 300,Intel i9-14900HK,NVIDIA RTX 4070,32,1024,False,1.19,14.0,4.94,3078.4,80,215.49
Acer,Aspire 5,Intel i7-14700H,NVIDIA RTX 4060,8,256,False,1.4,14.0,5.1,2129.6,80,106.48
Acer,Predator Helios 300,AMD Ryzen 5 8600H,NVIDIA RTX 4050,32,4096,False,1.42,14.0,6.19,2255.6,80,135.34
Acer,TravelMate P6,AMD Ryzen 7 8800H,AMD Radeon 780M,128,1024,False,3.05,18.4,4.03,2946.4,80,206.25
Acer,Swift 3,Intel i7-14700H,NVIDIA RTX 4070,32,2048,True,2.3,15.6,2.79,2950.8,80,206.56
Acer,Nitro 5,Intel i5-14500H,Intel Iris Xe,64,4096,False,1.04,14.0,4.21,2341.6,80,140.5
Acer,Aspire 5,AMD Ryzen 7 8800H,NVIDIA RTX 4060,8,256,False,2.36,16.0,5.91,2159.6,80,129.58
Acer,Nitro 5,AMD Ryzen 5 8600H,AMD Radeon 680M,8,512,False,3.42,17.3,2.62,1485.2,80,89.11
Acer,Nitro 5,Intel i7-14800H,NVIDIA RTX 4060,8,4096,False,2.7,17.3,3.8,2543.6,80,178.05
Acer,Predator Helios 300,Intel i7-14800H,NVIDIA RTX 4060,32,1024,True,2.91,18.4,6.75,2548.4,80,178.39
Acer,Aspire 5,Intel i5-14600H,Intel Iris Xe,8,256,False,2.66,17.3,2.1,1459.6,80,102.17
Acer,Aspire 5,Intel i7-14800H,NVIDIA RTX 4080,128,1024,True,1.6,15.6,2.16,4016.4,80,240.98
Acer,Swift 3,Intel i5-14600H,NVIDIA RTX 3050,32,2048,False,1.34,14.0,2.86,1800.8,80,90.04
Acer,Aspire 5,Intel Core Ultra 7 15500H,NVIDIA RTX 4070,64,256,True,2.6,18.4,4.59,2727.6,80,190.93
Acer,TravelMate P6,Intel Core Ultra 7 15500H,NVIDIA RTX 4070,64,1024,False,2.19,16.0,5.29,2684.41,80,161.06
Acer,TravelMate P6,AMD Ryzen 9 8900HX,AMD Radeon 780M,128,1024,False,3.5,18.4,2.78,3246.4,80,227.25
Acer,Nitro 5,Intel i5-14500H,Intel Iris Xe,128,4096,True,2.24,16.0,4.8,2923.6,80,204.65
Acer,Swift 3,Intel Core Ultra 7 15500H,Intel Arc A750M,16,4096,True,1.23,13.3,2.79,1977.59,80,98.88
Acer,Aspire 5,Intel i9-14900HK,NVIDIA RTX 4070,128,2048,True,1.54,16.0,5.91,4018.8,80,241.13
Acer,Swift 3,Intel i7-14800H,NVIDIA RTX 4080,64,1024,False,2.81,17.3,2.81,3384.4,80,169.22
Acer,TravelMate P6,Intel i5-14600H,Intel Iris Xe,16,1024,False,2.29,15.6,2.18,1600.4,80,96.02
Acer,Swift 3,Intel i7-14700H,NVIDIA RTX 4060,32,2048,False,1.12,14.0,4.19,2580.8,80,154.85
Acer,Swift 3,AMD Ryzen 5 8600H,AMD Radeon 680M,128,2048,False,2.39,16.0,2.98,2598.8,80,181.92
Acer,Predator Helios 300,AMD Ryzen 5 8600H,NVIDIA RTX 3050,8,2048,False,1.47,13.3,6.26,1608.8,80,112.62
Acer,Aspire 5,AMD Ryzen 5 8600H,NVIDIA RTX 4050,16,1024,False,1.1,14.0,6.1,1900.4,80,114.02
Acer,Predator Helios 300,Intel i7-14700H,NVIDIA RTX 4070,128,2048,True,3.23,18.4,4.27,3718.8,80,260.32
Acer,Predator Helios 300,Intel i5-14600H,Intel Iris Xe,32,256,False,1.09,14.0,6.43,1701.6,80,119.11
Acer,Nitro 5,Intel i7-14700H,NVIDIA RTX 4070,128,256,False,1.16,14.0,3.61,3469.6,80,242.87
Acer,Aspire 5,Intel i9-14900HK,NVIDIA RTX 4080,128,512,True,1.37,14.0,4.54,4235.2,80,296.46
Asus,ZenBook 14,Intel Core Ultra 7 15500H,Intel Arc A750M,8,256,True,1.32,13.3,3.39,1449.6,100,101.47
Asus,ExpertBook B9,Intel i9-14900HK,NVIDIA RTX 4070,32,2048,False,2.04,16.0,6.48,3130.8,100,187.85
Asus,TUF Gaming F15,Intel i7-14700H,NVIDIA RTX 4070,64,256,False,2.45,15.6,6.18,2907.6,100,174.46
Asus,TUF Gaming F15,Intel i9-14900HK,NVIDIA RTX 4080,16,4096,False,2.96,18.4,3.48,3607.6,100,252.53
Asus,ZenBook 14,AMD Ryzen 7 8800H,AMD Radeon 780M,8,1024,False,1.29,14.0,5.58,2036.4,100,101.82
Asus,ExpertBook B9,Intel Core Ultra 9 15700H,NVIDIA RTX 4080,128,256,False,2.73,17.3,5.34,3519.6,100,246.37
Asus,TUF Gaming F15,Intel i5-14500H,NVIDIA RTX 4050,64,256,True,2.39,16.0,5.17,2277.6,100,159.43
Asus,ExpertBook B9,Intel i7-14700H,NVIDIA RTX 4070,64,512,True,3.23,18.4,4.72,3053.2,100,152.66
Asus,TUF Gaming F15,Intel i5-14600H,NVIDIA RTX 4050,8,256,True,2.77,17.3,6.91,1829.6,100,128.07
Asus,TUF Gaming F15,Intel i9-14900HK,NVIDIA RTX 4070,64,512,True,1.17,14.0,3.79,3403.2,100,204.19
Asus,ZenBook 14,Intel i9-14900HK,NVIDIA RTX 4070,64,4096,False,2.02,15.6,4.1,3591.6,100,251.41
Asus,TUF Gaming F15,AMD Ryzen 9 8900HX,NVIDIA RTX 4080,16,1024,True,1.19,13.3,6.91,3470.4,100,242.93
Asus,ZenBook 14,Intel i5-14500H,Intel Iris Xe,16,256,False,2.77,17.3,2.68,1523.6,100,91.42
Asus,ExpertBook B9,AMD Ryzen 5 8600H,AMD Radeon 680M,32,256,False,1.17,14.0,4.05,1701.61,100,85.08
Asus,ExpertBook B9,AMD Ryzen 7 8800H,NVIDIA RTX 4060,64,512,True,2.31,16.0,4.0,2753.2,100,192.72
Asus,VivoBook S15,Intel i7-14700H,NVIDIA RTX 4060,64,256,True,1.36,13.3,2.38,2697.6,100,161.86
Asus,VivoBook S15,Intel Core Ultra 7 15500H,NVIDIA RTX 4060,128,256,False,2.21,15.6,2.55,2819.6,100,197.37
Asus,VivoBook S15,Intel i5-14600H,Intel Iris Xe,128,2048,False,2.5,18.4,4.07,2598.8,100,181.92
Asus,ExpertBook B9,Intel i9-14900HK,NVIDIA RTX 4080,32,256,True,1.3,13.3,4.6,3441.6,100,240.91
Asus,TUF Gaming F15,Intel i5-14600H,NVIDIA RTX 4050,128,2048,True,1.04,14.0,3.02,3018.8,100,150.94
Asus,ExpertBook B9,Intel Core Ultra 7 15500H,Intel Arc A750M,128,4096,True,2.63,17.3,5.42,2823.6,100,197.65
Asus,VivoBook S15,Intel i9-14900HK,NVIDIA RTX 4080,16,4096,False,1.01,13.3,2.18,3657.6,100,182.88
Asus,ZenBook 14,Intel i5-14600H,NVIDIA RTX 4050,8,256,False,2.52,18.4,5.16,1709.6,100,119.67
Asus,ROG Zephyrus G15,Intel i5-14600H,NVIDIA RTX 4050,64,2048,False,2.75,18.4,6.55,2336.8,100,140.21
Asus,ROG Zephyrus G15,AMD Ryzen 5 8600H,AMD Radeon 680M,8,1024,True,1.43,13.3,4.19,1626.4,100,113.85
Asus,TUF Gaming F15,AMD Ryzen 9 8900HX,AMD Radeon 780M,16,4096,False,3.32,17.3,4.32,2657.6,100,186.03
Asus,ExpertBook B9,Intel i5-14600H,NVIDIA RTX 4050,64,512,False,1.47,14.0,2.79,2153.2,100,107.66
Asus,VivoBook S15,AMD Ryzen 5 8600H,NVIDIA RTX 4050,32,256,True,1.02,13.3,4.27,2071.6,100,103.58
Asus,ExpertBook B9,Intel Core Ultra 9 15700H,NVIDIA RTX 4080,128,512,False,2.01,16.0,4.99,3545.2,100,177.26
Asus,TUF Gaming F15,Intel Core Ultra 7 15500H,NVIDIA RTX 4070,128,2048,False,3.26,17.3,6.85,3298.8,100,197.93
Asus,ExpertBook B9,Intel i7-14800H,NVIDIA RTX 4070,16,4096,True,1.76,15.6,2.71,3027.6,100,151.38
Asus,ROG Zephyrus G15,AMD Ryzen 5 8600H,NVIDIA RTX 4050,16,4096,False,2.02,16.0,6.52,2157.6,100,129.46
Asus,ROG Zephyrus G15,Intel i7-14700H,NVIDIA RTX 4060,128,2048,False,2.63,17.3,5.14,3298.8,100,230.92
Asus,ROG Zephyrus G15,Intel i5-14500H,Intel Iris Xe,128,1024,True,2.48,16.0,4.66,2616.4,100,183.15
Asus,ROG Zephyrus G15,Intel i7-14700H,NVIDIA RTX 4070,32,512,False,1.55,16.0,3.19,2677.2,100,133.86
Asus,TUF Gaming F15,AMD Ryzen 7 8800H,NVIDIA RTX 4070,16,256,True,2.91,17.3,6.02,2643.61,100,185.05
Asus,VivoBook S15,Intel i5-14500H,NVIDIA RTX 4050,32,1024,True,2.58,17.3,4.0,2098.4,100,146.89
Asus,VivoBook S15,Intel i9-14900HK,NVIDIA RTX 4080,32,2048,False,3.08,17.3,2.88,3530.8,100,247.16
Asus,ROG Zephyrus G15,Intel i7-14800H,NVIDIA RTX 4060,128,4096,True,1.25,14.0,4.05,3673.6,100,257.15
Asus,ExpertBook B9,Intel i5-14600H,Intel Iris Xe,16,1024,False,2.23,15.6,5.34,1600.4,100,96.02
Asus,ExpertBook B9,Intel i7-14700H,NVIDIA RTX 4060,16,512,False,2.32,15.6,6.15,2249.2,100,134.95
Asus,TUF Gaming F15,AMD Ryzen 7 8800H,AMD Radeon 780M,8,1024,True,2.79,18.4,4.67,2106.4,100,147.45
Asus,ZenBook 14,Intel i5-14500H,NVIDIA RTX 4050,32,1024,False,1.09,13.3,4.89,2028.4,100,121.7
Asus,ROG Zephyrus G15,Intel Core Ultra 7 15500H,NVIDIA RTX 4060,8,4096,False,2.12,16.0,6.71,2243.6,100,112.18
Asus,ZenBook 14,Intel Core Ultra 9 15700H,NVIDIA RTX 4080,128,4096,True,1.51,15.6,2.5,4023.6,100,241.42
Asus,VivoBook S15,AMD Ryzen 5 8600H,NVIDIA RTX 4050,64,1024,False,1.11,14.0,5.38,2284.4,100,159.91
Asus,ExpertBook B9,Intel i7-14700H,NVIDIA RTX 4060,128,1024,False,2.26,15.6,4.94,3196.4,100,223.75
Asus,VivoBook S15,AMD Ryzen 9 8900HX,NVIDIA RTX 4070,32,1024,False,1.45,13.3,3.9,2998.4,100,179.9
Asus,ZenBook 14,AMD Ryzen 7 8800H,NVIDIA RTX 4060,32,512,False,1.21,14.0,3.88,2427.2,100,169.9
Asus,TUF Gaming F15,AMD Ryzen 9 8900HX,NVIDIA RTX 4070,64,2048,False,1.3,13.3,6.84,3356.79,100,201.41
Asus,ZenBook 14,Intel i5-14500H,NVIDIA RTX 4050,16,256,True,2.1,15.6,3.68,1893.6,100,94.68
Asus,ExpertBook B9,Intel Core Ultra 9 15700H,Intel Arc A750M,64,256,True,1.43,13.3,4.79,1897.59,100,113.86
Asus,ExpertBook B9,AMD Ryzen 9 8900HX,AMD Radeon 780M,32,4096,False,1.44,13.3,4.86,2755.6,100,192.89
Asus,ExpertBook B9,AMD Ryzen 9 8900HX,AMD Radeon 780M,128,256,False,2.51,18.4,4.47,3169.6,100,158.48
Asus,ZenBook 14,AMD Ryzen 7 8800H,AMD Radeon 780M,16,4096,False,3.05,18.4,3.15,2357.6,100,141.46
Asus,ExpertBook B9,Intel Core Ultra 9 15700H,NVIDIA RTX 4070,32,256,True,3.32,18.4,3.3,2471.6,100,148.3
Asus,VivoBook S15,Intel i5-14600H,NVIDIA RTX 3050,16,256,False,1.04,14.0,5.43,1573.6,100,78.68
Asus,VivoBook S15,Intel i5-14500H,Intel Iris Xe,16,256,False,1.63,16.0,5.62,1523.6,100,91.42
Asus,ZenBook 14,AMD Ryzen 7 8800H,NVIDIA RTX 4060,8,2048,True,1.25,13.3,3.35,2508.8,100,150.53
Asus,ZenBook 14,Intel Core Ultra 9 15700H,Intel Arc A750M,32,512,True,1.05,13.3,4.93,1747.2,100,104.83
Asus,ROG Zephyrus G15,Intel i7-14800H,NVIDIA RTX 4070,16,256,True,2.52,17.3,5.75,2643.6,100,158.62
Asus,ExpertBook B9,Intel i5-14600H,NVIDIA RTX 3050,8,2048,False,1.43,14.0,5.03,1608.8,100,112.62
Asus,ExpertBook B9,AMD Ryzen 9 8900HX,NVIDIA RTX 4070,32,512,False,3.05,18.4,6.23,2977.2,100,148.86
Asus,ROG Zephyrus G15,AMD Ryzen 9 8900HX,NVIDIA RTX 4070,16,4096,True,2.24,15.6,3.35,3327.6,100,232.93
Asus,TUF Gaming F15,Intel Core Ultra 9 15700H,NVIDIA RTX 4070,16,512,True,1.05,13.3,3.89,2419.2,100,145.15
Asus,VivoBook S15,AMD Ryzen 5 8600H,NVIDIA RTX 3050,16,4096,False,2.66,17.3,2.31,1907.6,100,95.38
Asus,ROG Zephyrus G15,Intel i9-14900HK,NVIDIA RTX 4080,32,1024,True,1.99,15.6,4.61,3548.4,100,248.39
Asus,ROG Zephyrus G15,Intel i9-14900HK,NVIDIA RTX 4070,128,256,True,1.24,13.3,2.02,3889.6,100,194.48
Asus,TUF Gaming F15,Intel i5-14600H,NVIDIA RTX 4050,128,1024,True,1.8,15.6,5.24,2866.4,100,171.98
Asus,TUF Gaming F15,Intel Core Ultra 9 15700H,NVIDIA RTX 4070,8,4096,False,2.62,17.3,6.33,2543.6,100,152.62
Asus,ZenBook 14,Intel Core Ultra 7 15500H,NVIDIA RTX 4070,64,1024,False,3.08,18.4,3.76,2684.4,100,134.22
Asus,ZenBook 14,AMD Ryzen 5 8600H,AMD Radeon 680M,8,256,True,2.58,18.4,5.18,1579.6,100,110.57
Asus,ZenBook 14,Intel i5-14500H,Intel Iris Xe,32,1024,True,1.17,14.0,4.46,1898.4,100,94.92
Asus,ExpertBook B9,Intel i7-14700H,NVIDIA RTX 4070,128,1024,False,1.77,16.0,3.98,3496.4,100,174.82
Asus,ExpertBook B9,Intel i9-14900HK,NVIDIA RTX 4070,128,256,True,1.0,14.0,2.79,3889.6,100,272.27
Asus,VivoBook S15,Intel i9-14900HK,NVIDIA RTX 4080,8,1024,False,1.82,16.0,2.42,3236.4,100,194.18
Asus,VivoBook S15,Intel i7-14800H,NVIDIA RTX 4070,128,512,True,2.96,17.3,6.05,3565.2,100,249.56
Asus,TUF Gaming F15,Intel i5-14500H,Intel Iris Xe,32,4096,True,3.23,17.3,5.23,2155.6,100,150.89
Asus,TUF Gaming F15,Intel i5-14600H,NVIDIA RTX 3050,16,512,True,2.22,15.6,6.82,1669.2,100,100.15
Asus,ExpertBook B9,Intel i5-14500H,NVIDIA RTX 4050,32,2048,False,1.9,16.0,5.15,2080.8,100,124.85
Asus,ExpertBook B9,AMD Ryzen 5 8600H,NVIDIA RTX 3050,64,256,True,3.18,17.3,6.21,2027.6,100,121.66
Asus,ZenBook 14,Intel i7-14800H,NVIDIA RTX 4080,64,2048,False,3.05,17.3,6.68,3486.8,100,174.34
Asus,TUF Gaming F15,Intel i7-14700H,NVIDIA RTX 4070,64,2048,False,2.78,17.3,3.69,3086.8,100,185.21
Asus,ROG Zephyrus G15,AMD Ryzen 9 8900HX,AMD Radeon 780M,32,256,True,2.4,15.6,2.34,2521.6,100,126.08
Asus,VivoBook S15,Intel i9-14900HK,NVIDIA RTX 4070,64,256,False,2.03,16.0,2.18,3207.6,100,192.46
Asus,ExpertBook B9,AMD Ryzen 9 8900HX,NVIDIA RTX 4070,128,2048,True,2.8,17.3,2.32,4018.8,100,200.94
Asus,TUF Gaming F15,AMD Ryzen 5 8600H,AMD Radeon 680M,64,512,False,3.24,17.3,6.31,1933.21,100,135.32
Asus,TUF Gaming F15,Intel i9-14900HK,NVIDIA RTX 4080,128,256,False,3.17,18.4,2.19,4119.6,100,288.37
Asus,ExpertBook B9,Intel i9-14900HK,NVIDIA RTX 4070,32,256,False,2.86,17.3,6.58,2951.59,100,206.61
Asus,VivoBook S15,Intel Core Ultra 9 15700H,NVIDIA RTX 4070,128,4096,False,2.62,17.3,6.79,3503.6,100,210.22
Asus,ZenBook 14,AMD Ryzen 9 8900HX,AMD Radeon 780M,16,512,True,1.18,13.3,5.18,2469.2,100,148.15
Asus,TUF Gaming F15,Intel i9-14900HK,NVIDIA RTX 4080,32,1024,False,1.02,13.3,2.03,3478.4,100,208.7
Asus,ROG Zephyrus G15,Intel i9-14900HK,NVIDIA RTX 4080,32,4096,False,1.17,14.0,2.76,3785.6,100,227.14
Asus,ZenBook 14,Intel Core Ultra 9 15700H,NVIDIA RTX 4080,64,4096,True,1.18,13.3,5.61,3561.6,100,213.7
Asus,TUF Gaming F15,Intel i5-14500H,NVIDIA RTX 4050,8,1024,False,1.37,14.0,2.65,1756.4,100,122.95
Asus,ROG Zephyrus G15,Intel i7-14800H,NVIDIA RTX 4060,128,2048,True,1.09,13.3,4.09,3468.8,100,208.13
Asus,ROG Zephyrus G15,Intel i7-14700H,NVIDIA RTX 4060,32,256,True,1.67,15.6,4.72,2471.6,100,148.3
Asus,ExpertBook B9,AMD Ryzen 7 8800H,NVIDIA RTX 4070,128,4096,True,2.23,15.6,6.98,3923.6,100,274.65
Asus,ZenBook 14,Intel i7-14700H,NVIDIA RTX 4060,16,256,False,3.12,18.4,4.98,2223.6,100,111.18
Asus,TUF Gaming F15,AMD Ryzen 5 8600H,AMD Radeon 680M,8,4096,True,2.11,16.0,6.97,1963.6,100,98.18
Asus,VivoBook S15,Intel i7-14800H,NVIDIA RTX 4070,64,256,True,1.51,16.0,4.51,3027.6,100,181.66
Asus,VivoBook S15,AMD Ryzen 5 8600H,NVIDIA RTX 4050,64,512,True,1.62,15.6,2.68,2303.2,100,138.19
Asus,ExpertBook B9,Intel i5-14600H,NVIDIA RTX 3050,128,256,True,1.24,13.3,4.34,2589.6,100,155.38
Asus,ExpertBook B9,Intel i7-14800H,NVIDIA RTX 4060,64,256,False,2.06,15.6,6.74,2607.6,100,156.46
Asus,ZenBook 14,Intel i7-14700H,NVIDIA RTX 4070,128,1024,True,2.62,18.4,3.28,3616.4,100,216.98
Asus,ExpertBook B9,AMD Ryzen 9 8900HX,NVIDIA RTX 4080,128,2048,False,1.86,15.6,2.75,4298.8,100,300.92
Asus,ROG Zephyrus G15,AMD Ryzen 5 8600H,NVIDIA RTX 4050,64,256,True,3.42,18.4,6.3,2277.6,100,159.43
Asus,ExpertBook B9,Intel i9-14900HK,NVIDIA RTX 4070,8,256,True,2.85,17.3,6.64,2879.6,100,143.98
Asus,ROG Zephyrus G15,Intel i5-14500H,Intel Iris Xe,64,256,True,1.42,14.0,6.01,1997.6,100,99.88
Asus,ExpertBook B9,AMD Ryzen 9 8900HX,NVIDIA RTX 4070,128,4096,False,1.92,16.0,4.62,4103.6,100,287.25
Asus,TUF Gaming F15,Intel Core Ultra 7 15500H,NVIDIA RTX 4070,8,256,False,1.35,13.3,2.61,2129.6,100,106.48
Asus,TUF Gaming F15,Intel i7-14800H,NVIDIA RTX 4080,16,4096,False,3.04,17.3,6.03,3307.6,100,165.38
Asus,ExpertBook B9,Intel i5-14600H,NVIDIA RTX 4050,8,256,False,3.19,18.4,6.3,1709.61,100,85.48
Asus,VivoBook S15,Intel Core Ultra 9 15700H,Intel Arc A750M,64,512,True,1.0,13.3,5.8,2003.2,100,100.16
Asus,VivoBook S15,Intel i7-14800H,NVIDIA RTX 4080,16,512,False,2.2,15.6,2.26,2949.2,100,176.95
Asus,ZenBook 14,Intel Core Ultra 9 15700H,Intel Arc A750M,128,2048,False,2.68,17.3,2.79,2498.8,100,174.92
Asus,TUF Gaming F15,AMD Ryzen 9 8900HX,NVIDIA RTX 4080,64,256,False,1.02,14.0,4.24,3657.6,100,182.88
Asus,ROG Zephyrus G15,Intel i7-14800H,NVIDIA RTX 4060,64,1024,True,1.68,15.6,2.59,2804.4,100,168.26
Asus,VivoBook S15,Intel i7-14800H,NVIDIA RTX 4070,16,1024,False,1.81,15.6,5.14,2600.4,100,182.03
Asus,VivoBook S15,Intel i5-14600H,NVIDIA RTX 3050,8,256,False,3.37,17.3,2.17,1459.6,100,72.98
Asus,ROG Zephyrus G15,Intel Core Ultra 9 15700H,Intel Arc A750M,8,4096,False,2.78,18.4,5.89,1743.6,100,122.05
Asus,ExpertBook B9,AMD Ryzen 5 8600H,NVIDIA RTX 3050,64,4096,False,1.16,13.3,4.86,2341.6,100,140.5
Asus,ROG Zephyrus G15,AMD Ryzen 5 8600H,AMD Radeon 680M,8,1024,False,3.14,17.3,6.17,1536.4,100,107.55
Asus,VivoBook S15,Intel i5-14500H,NVIDIA RTX 4050,64,512,False,2.68,18.4,4.86,2183.2,100,109.16
Asus,ZenBook 14,Intel i9-14900HK,NVIDIA RTX 4070,64,512,False,3.18,17.3,5.51,3233.2,100,226.32
Asus,ZenBook 14,AMD Ryzen 5 8600H,AMD Radeon 680M,64,512,True,2.58,17.3,5.96,2053.2,100,123.19
Asus,ROG Zephyrus G15,AMD Ryzen 5 8600H,AMD Radeon 680M,64,2048,True,1.49,13.3,6.75,2176.8,100,152.38
Asus,ZenBook 14,Intel i5-14500H,NVIDIA RTX 4050,64,1024,True,3.18,17.3,6.44,2354.4,100,117.72
Asus,ZenBook 14,AMD Ryzen 7 8800H,AMD Radeon 780M,32,512,False,2.99,18.4,6.0,2127.2,100,148.9
Asus,ZenBook 14,AMD Ryzen 9 8900HX,NVIDIA RTX 4070,128,1024,True,2.33,15.6,2.11,3916.4,100,234.98
Asus,ROG Zephyrus G15,Intel i5-14500H,Intel Iris Xe,8,256,True,1.05,14.0,6.2,1629.59,100,81.48
Asus,VivoBook S15,Intel Core Ultra 9 15700H,NVIDIA RTX 4080,64,4096,True,2.95,17.3,4.78,3511.6,100,245.81
Asus,ExpertBook B9,Intel Core Ultra 9 15700H,Intel Arc A750M,8,256,True,2.2,16.0,5.12,1479.6,100,73.98
Asus,TUF Gaming F15,AMD Ryzen 7 8800H,NVIDIA RTX 4060,64,1024,False,1.88,16.0,4.16,2684.4,100,134.22
Asus,ZenBook 14,Intel i5-14600H,NVIDIA RTX 3050,64,256,False,1.9,16.0,4.99,1907.6,100,95.38
Asus,ExpertBook B9,Intel i5-14600H,NVIDIA RTX 4050,64,1024,True,2.51,18.4,5.87,2354.4,100,141.26
Asus,ExpertBook B9,Intel i5-14500H,NVIDIA RTX 4050,8,1024,True,1.83,16.0,3.85,1906.4,100,133.45
Asus,ExpertBook B9,Intel i5-14600H,NVIDIA RTX 4050,64,2048,True,1.12,14.0,6.35,2506.8,100,175.48
Asus,TUF Gaming F15,AMD Ryzen 5 8600H,AMD Radeon 680M,128,512,True,1.03,14.0,5.48,2615.2,100,130.76
Asus,VivoBook S15,Intel i5-14500H,Intel Iris Xe,64,4096,True,1.28,14.0,4.51,2461.6,100,123.08
Asus,VivoBook S15,Intel i5-14500H,NVIDIA RTX 3050,16,512,False,1.35,14.0,3.2,1519.2,100,75.96
Asus,VivoBook S15,AMD Ryzen 9 8900HX,NVIDIA RTX 4070,128,1024,True,1.23,14.0,5.15,3966.4,100,237.98
Asus,TUF Gaming F15,Intel i7-14700H,NVIDIA RTX 4070,64,256,True,2.24,16.0,5.47,3027.6,100,151.38
Asus,TUF Gaming F15,Intel i5-14600H,NVIDIA RTX 3050,8,1024,True,1.29,13.3,3.95,1706.4,100,102.38
Asus,ExpertBook B9,AMD Ryzen 7 8800H,AMD Radeon 780M,128,4096,False,2.59,17.3,2.68,3253.6,100,195.22
Asus,ROG Zephyrus G15,Intel Core Ultra 9 15700H,NVIDIA RTX 4070,8,1024,True,1.37,14.0,5.75,2326.4,100,162.85
Asus,ZenBook 14,Intel i7-14800H,NVIDIA RTX 4060,32,512,True,3.46,17.3,5.87,2497.2,100,124.86
Asus,ROG Zephyrus G15,Intel i7-14800H,NVIDIA RTX 4070,64,2048,False,3.0,17.3,4.9,3086.8,100,185.21
Asus,TUF Gaming F15,AMD Ryzen 7 8800H,NVIDIA RTX 4070,128,2048,False,1.14,14.0,3.53,3648.8,100,255.42
Asus,VivoBook S15,AMD Ryzen 7 8800H,NVIDIA RTX 4060,128,512,False,2.31,16.0,5.3,3145.2,100,220.16
Asus,TUF Gaming F15,Intel Core Ultra 9 15700H,NVIDIA RTX 4080,128,2048,True,1.1,14.0,6.4,3868.8,100,232.13
Asus,TUF Gaming F15,Intel i7-14700H,NVIDIA RTX 4070,64,512,False,2.02,15.6,4.52,2933.2,100,146.66
Asus,TUF Gaming F15,Intel i7-14800H,NVIDIA RTX 4070,128,2048,True,1.19,14.0,2.88,3768.8,100,188.44
Asus,ExpertBook B9,Intel Core Ultra 7 15500H,Intel Arc A750M,128,1024,False,2.27,15.6,3.14,2396.4,100,167.75
Asus,ZenBook 14,Intel i5-14500H,Intel Iris Xe,16,4096,False,1.57,15.6,6.92,1907.6,100,133.53
Asus,ROG Zephyrus G15,AMD Ryzen 7 8800H,AMD Radeon 780M,8,256,False,1.63,15.6,4.56,1909.6,100,133.67
Asus,VivoBook S15,AMD Ryzen 5 8600H,NVIDIA RTX 4050,64,4096,False,1.28,14.0,3.1,2591.6,100,129.58
Asus,ROG Zephyrus G15,Intel i7-14700H,NVIDIA RTX 4060,8,512,False,2.44,16.0,2.11,2185.2,100,109.26
Asus,ZenBook 14,Intel Core Ultra 7 15500H,NVIDIA RTX 4070,64,512,True,2.39,16.0,4.99,2753.2,100,137.66
Asus,ExpertBook B9,Intel i5-14500H,Intel Iris Xe,16,256,True,1.45,14.0,5.76,1613.6,100,96.82
Asus,ExpertBook B9,AMD Ryzen 5 8600H,NVIDIA RTX 3050,8,256,True,2.88,17.3,3.79,1579.6,100,94.78
Asus,TUF Gaming F15,Intel i5-14500H,NVIDIA RTX 4050,64,256,False,2.03,16.0,3.16,2157.6,100,129.46
Asus,VivoBook S15,AMD Ryzen 7 8800H,NVIDIA RTX 4060,32,4096,True,2.65,18.4,2.78,2855.6,100,199.89
Asus,ROG Zephyrus G15,Intel i9-14900HK,NVIDIA RTX 4080,128,512,False,2.75,18.4,6.01,4145.2,100,207.26
Asus,ROG Zephyrus G15,Intel i7-14800H,NVIDIA RTX 4080,16,1024,True,1.36,14.0,4.83,3090.4,100,154.52
Asus,ROG Zephyrus G15,Intel i5-14600H,NVIDIA RTX 3050,128,256,False,1.79,15.6,3.78,2419.6,100,169.37
Asus,ROG Zephyrus G15,Intel i5-14600H,NVIDIA RTX 4050,16,512,False,3.48,18.4,5.02,1799.2,100,107.95
Asus,VivoBook S15,Intel Core Ultra 7 15500H,NVIDIA RTX 4060,128,1024,False,2.99,17.3,2.18,2896.4,100,173.78
Asus,ROG Zephyrus G15,Intel i5-14500H,NVIDIA RTX 3050,64,1024,False,2.63,18.4,3.11,1984.4,100,99.22
Asus,ZenBook 14,AMD Ryzen 5 8600H,NVIDIA RTX 4050,16,1024,False,1.17,13.3,4.89,1900.4,100,133.03
Asus,ExpertBook B9,AMD Ryzen 7 8800H,NVIDIA RTX 4070,16,4096,False,1.45,13.3,6.36,2877.6,100,172.66
Asus,ROG Zephyrus G15,Intel i9-14900HK,NVIDIA RTX 4070,128,4096,True,1.78,15.6,6.11,4223.6,100,253.42
Asus,ZenBook 14,Intel Core Ultra 7 15500H,Intel Arc A750M,8,1024,True,2.89,18.4,4.88,1556.4,100,77.82
Asus,ExpertBook B9,AMD Ryzen 7 8800H,NVIDIA RTX 4070,16,4096,False,2.63,18.4,2.91,2907.6,100,145.38
Asus,ZenBook 14,Intel i5-14500H,NVIDIA RTX 4050,128,4096,True,1.61,15.6,5.16,3173.6,100,222.15
Asus,VivoBook S15,Intel i5-14600H,NVIDIA RTX 4050,32,2048,False,1.4,13.3,2.99,2050.8,100,143.56
Asus,ROG Zephyrus G15,AMD Ryzen 9 8900HX,NVIDIA RTX 4070,32,4096,False,1.41,13.3,2.4,3305.6,100,231.39
Dell,Alienware M15,AMD Ryzen 9 8900HX,NVIDIA RTX 4070,8,512,True,1.96,16.0,3.18,2905.2,120,203.36
Dell,Alienware M15,AMD Ryzen 5 8600H,NVIDIA RTX 4050,32,4096,True,3.34,18.4,5.96,2405.6,120,144.34
Dell,XPS 15,Intel i5-14600H,Intel Iris Xe,64,1024,True,1.47,13.3,6.25,2074.4,120,124.46
Dell,XPS 13,Intel i9-14900HK,NVIDIA RTX 4070,64,256,False,2.46,16.0,5.74,3207.6,120,160.38
Dell,XPS 13,Intel i5-14500H,Intel Iris Xe,8,1024,True,2.03,16.0,4.79,1656.4,120,82.82
Dell,Latitude 7420,Intel i5-14500H,NVIDIA RTX 3050,16,1024,False,2.89,17.3,5.63,1600.4,120,80.02
Dell,XPS 13,Intel Core Ultra 9 15700H,NVIDIA RTX 4070,64,4096,True,1.43,14.0,6.47,3081.6,120,154.08
Dell,Alienware M15,Intel Core Ultra 7 15500H,Intel Arc A750M,32,4096,False,1.23,14.0,2.23,1985.6,120,119.14
Dell,Latitude 7420,Intel Core Ultra 9 15700H,Intel Arc A750M,32,512,True,2.91,18.4,3.32,1697.2,120,84.86
Dell,Alienware M15,Intel Core Ultra 9 15700H,NVIDIA RTX 4070,8,256,True,1.34,14.0,4.41,2249.6,120,112.48
Dell,XPS 13,Intel Core Ultra 7 15500H,Intel Arc A750M,128,256,False,2.46,16.0,2.45,2319.6,120,139.18
Dell,XPS 15,Intel i5-14600H,Intel Iris Xe,64,256,False,1.21,13.3,5.07,1957.6,120,137.03
Dell,Latitude 7420,Intel i7-14700H,NVIDIA RTX 4070,8,1024,False,2.39,15.6,3.87,2536.4,120,177.55
Dell,XPS 15,Intel i5-14600H,Intel Iris Xe,64,1024,False,2.79,17.3,6.03,1984.4,120,99.22
Dell,XPS 13,Intel Core Ultra 9 15700H,NVIDIA RTX 4070,64,512,True,2.14,15.6,5.6,2753.2,120,192.72
Dell,Latitude 7420,Intel Core Ultra 7 15500H,NVIDIA RTX 4060,64,4096,True,2.46,16.0,2.3,2811.6,120,196.81
Dell,XPS 15,Intel i7-14700H,NVIDIA RTX 4070,64,4096,True,1.23,13.3,4.2,3461.6,120,207.7
Dell,Latitude 7420,Intel i5-14600H,NVIDIA RTX 3050,128,2048,True,3.0,18.4,6.72,2718.8,120,163.13
Dell,Inspiron 15,AMD Ryzen 5 8600H,NVIDIA RTX 4050,128,2048,True,3.4,18.4,6.92,2968.8,120,148.44
Dell,XPS 15,AMD Ryzen 9 8900HX,NVIDIA RTX 4080,64,1024,True,3.06,17.3,4.51,3804.4,120,266.31
Dell,XPS 13,Intel i7-14800H,NVIDIA RTX 4070,64,4096,False,1.73,16.0,2.63,3291.6,120,230.41
Dell,Alienware M15,Intel i9-14900HK,NVIDIA RTX 4070,32,256,True,3.45,17.3,3.59,3071.6,120,215.01
Dell,Alienware M15,Intel i7-14700H,NVIDIA RTX 4070,32,2048,True,1.47,14.0,6.15,2920.8,120,175.25
Dell,Latitude 7420,Intel Core Ultra 7 15500H,Intel Arc A750M,8,512,True,1.03,14.0,6.01,1555.2,120,93.31
Dell,XPS 13,Intel Core Ultra 7 15500H,NVIDIA RTX 4070,32,1024,False,1.49,14.0,5.21,2398.4,120,143.9
Dell,XPS 13,AMD Ryzen 9 8900HX,NVIDIA RTX 4080,64,4096,True,1.09,14.0,6.73,4161.6,120,208.08
Dell,Alienware M15,Intel i7-14700H,NVIDIA RTX 4070,64,2048,True,1.59,16.0,2.23,3206.8,120,192.41
Dell,Inspiron 15,Intel i7-14700H,NVIDIA RTX 4060,8,1024,True,2.07,16.0,3.9,2356.4,120,141.38
Dell,Alienware M15,Intel Core Ultra 7 15500H,Intel Arc A750M,8,512,False,2.9,18.4,3.92,1385.2,120,96.96
Dell,Inspiron 15,Intel i7-14800H,NVIDIA RTX 4060,64,1024,True,2.68,18.4,4.0,2804.4,120,168.26
Dell,XPS 13,AMD Ryzen 9 8900HX,AMD Radeon 780M,32,256,True,3.32,17.3,5.98,2521.6,120,126.08
Dell,Alienware M15,Intel i5-14500H,NVIDIA RTX 4050,64,512,True,1.11,14.0,4.02,2353.2,120,117.66
Dell,Alienware M15,AMD Ryzen 7 8800H,NVIDIA RTX 4070,64,512,False,2.81,17.3,4.52,2933.2,120,205.32
Dell,Alienware M15,Intel i7-14800H,NVIDIA RTX 4070,128,256,True,3.09,17.3,6.49,3539.6,120,176.98
Dell,Alienware M15,Intel Core Ultra 9 15700H,NVIDIA RTX 4080,64,512,True,2.77,18.4,4.71,3153.2,120,220.72
Dell,Alienware M15,Intel Core Ultra 9 15700H,Intel Arc A750M,8,1024,False,2.0,16.0,2.4,1436.4,120,71.82
Dell,Inspiron 15,AMD Ryzen 9 8900HX,AMD Radeon 780M,32,4096,True,1.37,14.0,6.64,2875.6,120,172.54
Dell,XPS 15,Intel Core Ultra 7 15500H,NVIDIA RTX 4070,128,2048,True,2.49,16.0,5.08,3418.79,120,205.13
Dell,Latitude 7420,AMD Ryzen 5 8600H,AMD Radeon 680M,8,256,True,3.26,17.3,3.93,1579.6,120,110.57
Dell,Inspiron 15,AMD Ryzen 5 8600H,AMD Radeon 680M,16,256,True,1.91,16.0,2.74,1643.6,120,98.62
Dell,XPS 13,Intel Core Ultra 9 15700H,Intel Arc A750M,8,4096,True,3.07,17.3,6.28,1863.6,120,93.18
Dell,Alienware M15,Intel i7-14700H,NVIDIA RTX 4060,32,512,False,1.05,14.0,3.31,2427.2,120,121.36
Dell,Alienware M15,AMD Ryzen 9 8900HX,AMD Radeon 780M,128,4096,False,1.33,14.0,6.45,3523.6,120,211.42
Dell,Inspiron 15,AMD Ryzen 5 8600H,NVIDIA RTX 3050,16,512,True,1.45,13.3,3.31,1639.2,120,114.74
Dell,Latitude 7420,Intel Core Ultra 9 15700H,NVIDIA RTX 4080,128,256,True,1.2,14.0,3.07,3689.6,120,184.48
Dell,XPS 15,Intel i7-14700H,NVIDIA RTX 4060,32,2048,True,1.3,13.3,5.77,2620.8,120,131.04
Dell,Alienware M15,AMD Ryzen 5 8600H,AMD Radeon 680M,64,256,True,2.84,18.4,6.06,2027.6,120,101.38
Dell,Inspiron 15,Intel i7-14700H,NVIDIA RTX 4070,16,1024,True,2.05,15.6,2.06,2720.4,120,136.02
Dell,XPS 15,Intel i7-14700H,NVIDIA RTX 4070,64,4096,True,1.4,14.0,5.15,3381.6,120,169.08
Dell,XPS 13,Intel i7-14800H,NVIDIA RTX 4080,128,1024,True,1.34,13.3,5.85,3986.4,120,279.05
Dell,XPS 15,Intel i5-14500H,NVIDIA RTX 4050,16,256,False,1.08,13.3,6.2,1823.6,120,109.42
Dell,XPS 15,AMD Ryzen 7 8800H,NVIDIA RTX 4060,64,512,False,1.31,13.3,6.97,2603.2,120,156.19
Dell,Alienware M15,Intel i5-14600H,NVIDIA RTX 3050,128,256,True,2.16,16.0,4.95,2539.6,120,177.77
Dell,Inspiron 15,Intel i7-14800H,NVIDIA RTX 4070,128,512,False,1.01,14.0,6.43,3495.2,120,174.76
Dell,XPS 13,Intel i5-14500H,NVIDIA RTX 3050,8,1024,False,1.35,13.3,2.54,1506.4,120,90.38
Dell,Inspiron 15,Intel Core Ultra 9 15700H,Intel Arc A750M,8,256,True,1.18,13.3,5.05,1529.61,120,76.48
Dell,Inspiron 15,Intel Core Ultra 9 15700H,NVIDIA RTX 4080,128,4096,False,1.17,13.3,4.7,3953.6,120,197.68
Dell,XPS 15,Intel i5-14600H,NVIDIA RTX 3050,128,256,True,1.33,14.0,3.64,2509.6,120,125.48
Dell,Inspiron 15,Intel Core Ultra 7 15500H,NVIDIA RTX 4060,16,4096,True,1.31,13.3,3.13,2397.61,120,119.88
Dell,Latitude 7420,AMD Ryzen 9 8900HX,NVIDIA RTX 4080,64,256,False,3.49,17.3,6.2,3607.6,120,216.46
Dell,Alienware M15,AMD Ryzen 7 8800H,NVIDIA RTX 4060,16,4096,False,3.32,18.4,4.18,2607.6,120,130.38
Dell,Inspiron 15,Intel Core Ultra 9 15700H,NVIDIA RTX 4080,32,512,False,2.75,17.3,4.72,2777.2,120,138.86
Dell,Latitude 7420,AMD Ryzen 5 8600H,NVIDIA RTX 4050,16,512,True,1.03,13.3,6.72,1969.2,120,118.15
Dell,XPS 13,Intel i5-14500H,NVIDIA RTX 3050,32,2048,False,1.95,16.0,4.61,1830.8,120,128.16
Dell,XPS 15,AMD Ryzen 9 8900HX,NVIDIA RTX 4070,128,256,False,1.45,13.3,6.21,3689.6,120,184.48
Dell,Alienware M15,Intel i7-14800H,NVIDIA RTX 4070,64,2048,False,2.37,16.0,4.95,3086.8,120,216.08
Dell,Alienware M15,AMD Ryzen 5 8600H,NVIDIA RTX 3050,32,2048,True,1.28,13.3,2.01,2000.8,120,120.05
Dell,Inspiron 15,Intel Core Ultra 7 15500H,NVIDIA RTX 4070,128,4096,False,1.2,14.0,5.58,3553.6,120,248.75
Dell,Latitude 7420,AMD Ryzen 9 8900HX,NVIDIA RTX 4080,64,2048,False,3.29,17.3,2.69,3786.81,120,227.21
Dell,XPS 15,Intel i9-14900HK,NVIDIA RTX 4080,16,1024,False,1.39,13.3,5.5,3270.4,120,163.52
Dell,Latitude 7420,AMD Ryzen 9 8900HX,AMD Radeon 780M,128,1024,False,2.56,17.3,6.45,3246.4,120,227.25
Dell,Alienware M15,AMD Ryzen 5 8600H,AMD Radeon 680M,8,512,False,2.66,18.4,3.05,1485.2,120,89.11
Dell,XPS 15,Intel i7-14800H,NVIDIA RTX 4060,8,2048,False,1.01,14.0,4.44,2388.8,120,167.22
Dell,Inspiron 15,Intel i9-14900HK,NVIDIA RTX 4070,32,4096,True,1.49,14.0,2.24,3425.6,120,205.54
Dell,XPS 13,AMD Ryzen 7 8800H,NVIDIA RTX 4060,128,1024,True,1.48,13.3,2.8,3286.4,120,197.18
Dell,XPS 13,Intel i7-14800H,NVIDIA RTX 4080,128,2048,True,2.21,15.6,4.78,4118.8,120,247.13
Dell,Alienware M15,AMD Ryzen 5 8600H,AMD Radeon 680M,16,256,False,1.06,13.3,2.66,1573.6,120,78.68
Dell,Latitude 7420,Intel i9-14900HK,NVIDIA RTX 4080,128,256,False,2.91,17.3,4.66,4119.6,120,247.18
Dell,XPS 13,Intel i9-14900HK,NVIDIA RTX 4080,64,256,True,1.17,14.0,2.2,3777.6,120,264.43
Dell,Alienware M15,AMD Ryzen 9 8900HX,NVIDIA RTX 4070,8,512,False,1.07,13.3,4.78,2835.2,120,141.76
Dell,Inspiron 15,Intel i5-14500H,NVIDIA RTX 3050,64,512,False,2.31,16.0,5.07,1933.2,120,115.99
Dell,Inspiron 15,AMD Ryzen 9 8900HX,NVIDIA RTX 4080,16,4096,True,1.58,15.6,2.77,3727.6,120,186.38
Dell,Latitude 7420,Intel i9-14900HK,NVIDIA RTX 4080,64,1024,False,3.09,17.3,5.55,3684.4,120,184.22
Dell,XPS 13,Intel Core Ultra 9 15700H,NVIDIA RTX 4070,64,1024,False,3.47,18.4,2.86,2684.4,120,134.22
Dell,XPS 15,Intel i5-14500H,NVIDIA RTX 4050,128,256,False,1.14,13.3,3.06,2719.6,120,135.98
Dell,Latitude 7420,Intel i7-14700H,NVIDIA RTX 4070,64,2048,False,3.25,17.3,2.92,3086.8,120,216.08
Dell,XPS 15,Intel i7-14700H,NVIDIA RTX 4070,64,512,False,1.01,14.0,2.53,2983.21,120,149.16
Dell,Inspiron 15,Intel i7-14700H,NVIDIA RTX 4060,16,512,True,1.04,14.0,6.11,2419.2,120,169.34
Dell,XPS 15,Intel Core Ultra 9 15700H,NVIDIA RTX 4070,32,2048,True,3.11,18.4,2.17,2650.8,120,132.54
Dell,Latitude 7420,Intel Core Ultra 9 15700H,Intel Arc A750M,16,1024,False,1.29,14.0,5.52,1550.4,120,77.52
Dell,Alienware M15,Intel i5-14600H,NVIDIA RTX 3050,32,2048,False,1.63,15.6,4.1,1830.8,120,109.85
Dell,Inspiron 15,Intel Core Ultra 7 15500H,NVIDIA RTX 4070,32,256,True,2.5,17.3,6.29,2471.6,120,173.01
Dell,XPS 15,Intel i5-14500H,Intel Iris Xe,32,1024,True,1.97,16.0,2.4,1848.4,120,129.39
Dell,Alienware M15,Intel i5-14600H,NVIDIA RTX 3050,32,1024,False,1.37,13.3,5.95,1698.41,120,101.9
Dell,Latitude 7420,AMD Ryzen 9 8900HX,AMD Radeon 780M,8,512,False,2.29,16.0,6.4,2235.2,120,111.76
Dell,Inspiron 15,AMD Ryzen 5 8600H,NVIDIA RTX 3050,32,1024,True,2.04,15.6,3.08,1848.4,120,129.39
Dell,Alienware M15,Intel i9-14900HK,NVIDIA RTX 4080,64,512,False,3.0,18.4,5.72,3633.2,120,181.66
Dell,Inspiron 15,Intel i9-14900HK,NVIDIA RTX 4080,16,4096,True,1.43,13.3,3.08,3697.6,120,258.83
Dell,Latitude 7420,Intel i5-14600H,NVIDIA RTX 4050,64,1024,True,1.28,14.0,2.47,2404.4,120,144.26
Dell,Alienware M15,Intel i7-14700H,NVIDIA RTX 4070,128,512,False,3.23,18.4,2.3,3445.2,120,172.26
Dell,XPS 15,Intel i7-14700H,NVIDIA RTX 4070,8,4096,False,1.54,15.6,3.13,2843.6,120,170.62
Dell,XPS 15,Intel i9-14900HK,NVIDIA RTX 4080,8,4096,False,2.7,18.4,6.69,3543.6,120,248.05
Dell,XPS 15,Intel i7-14800H,NVIDIA RTX 4060,16,512,False,2.91,18.4,4.26,2249.2,120,157.44
Dell,XPS 15,AMD Ryzen 9 8900HX,NVIDIA RTX 4080,32,2048,False,1.87,16.0,6.16,3530.8,120,247.16
Dell,Alienware M15,Intel i5-14500H,NVIDIA RTX 3050,32,1024,False,2.45,16.0,5.91,1728.4,120,103.7
Dell,Inspiron 15,AMD Ryzen 5 8600H,NVIDIA RTX 4050,64,4096,True,1.23,13.3,5.9,2711.6,120,189.81
Dell,Alienware M15,AMD Ryzen 7 8800H,NVIDIA RTX 4070,128,2048,False,3.0,17.3,3.84,3598.8,120,179.94
Dell,Inspiron 15,Intel i7-14700H,NVIDIA RTX 4070,32,4096,True,1.05,13.3,4.13,3205.6,120,224.39
Dell,XPS 15,AMD Ryzen 5 8600H,NVIDIA RTX 4050,8,4096,False,2.95,17.3,3.46,2093.6,120,104.68
Dell,XPS 15,Intel i5-14600H,Intel Iris Xe,32,512,True,1.09,13.3,4.89,1847.2,120,129.3
Dell,XPS 13,Intel i7-14700H,NVIDIA RTX 4060,128,2048,True,2.65,18.4,3.13,3418.8,120,170.94
Dell,XPS 13,Intel i5-14600H,NVIDIA RTX 4050,128,256,False,2.66,17.3,3.87,2669.6,120,133.48
Dell,Latitude 7420,Intel Core Ultra 9 15700H,NVIDIA RTX 4070,32,2048,False,1.15,13.3,3.29,2580.8,120,154.85
Dell,Latitude 7420,Intel i7-14800H,NVIDIA RTX 4080,8,1024,True,1.98,15.6,5.69,3056.4,120,213.95
Dell,Latitude 7420,Intel i7-14700H,NVIDIA RTX 4060,64,256,True,2.37,15.6,5.52,2727.6,120,136.38
Dell,XPS 13,AMD Ryzen 7 8800H,NVIDIA RTX 4060,16,256,False,1.48,13.3,2.18,2193.6,120,153.55
Dell,Latitude 7420,Intel Core Ultra 7 15500H,Intel Arc A750M,128,4096,True,1.16,14.0,3.25,2873.6,120,172.42
Dell,Latitude 7420,Intel Core Ultra 7 15500H,Intel Arc A750M,8,512,True,2.37,15.6,4.06,1505.2,120,75.26
Dell,XPS 15,Intel i7-14700H,NVIDIA RTX 4060,16,512,True,3.25,18.4,5.73,2369.19,120,118.46
Dell,Latitude 7420,Intel i5-14500H,NVIDIA RTX 3050,8,256,False,3.13,18.4,5.87,1459.6,120,87.58
Dell,Inspiron 15,AMD Ryzen 5 8600H,NVIDIA RTX 3050,32,2048,True,2.78,17.3,6.09,1950.8,120,136.56
Dell,XPS 15,Intel Core Ultra 9 15700H,NVIDIA RTX 4070,64,512,False,1.71,16.0,3.96,2633.2,120,184.32
Dell,Alienware M15,Intel i7-14800H,NVIDIA RTX 4070,128,256,True,2.26,15.6,5.0,3539.6,120,176.98
Dell,Alienware M15,Intel i5-14600H,NVIDIA RTX 4050,8,256,False,1.23,13.3,4.69,1759.6,120,105.58
Dell,Latitude 7420,Intel Core Ultra 7 15500H,NVIDIA RTX 4070,16,256,False,1.45,13.3,5.81,2193.6,120,131.62
Dell,XPS 15,AMD Ryzen 7 8800H,NVIDIA RTX 4070,32,2048,True,1.09,13.3,3.13,3000.79,120,210.06
Dell,XPS 13,Intel i5-14600H,Intel Iris Xe,32,512,False,1.15,14.0,2.6,1727.2,120,86.36
Dell,Alienware M15,Intel Core Ultra 7 15500H,NVIDIA RTX 4060,8,4096,True,2.72,17.3,3.57,2363.6,120,141.82
Dell,XPS 15,AMD Ryzen 7 8800H,AMD Radeon 780M,64,4096,False,2.87,18.4,6.87,2741.6,120,191.91
Dell,XPS 15,Intel i5-14600H,NVIDIA RTX 3050,128,4096,True,2.68,17.3,5.18,2923.6,120,204.65
Dell,Alienware M15,Intel Core Ultra 9 15700H,Intel Arc A750M,32,2048,True,2.89,17.3,2.82,1850.8,120,92.54
Dell,XPS 13,Intel i5-14500H,NVIDIA RTX 4050,128,256,False,2.75,18.4,6.98,2669.6,120,186.87
Dell,Alienware M15,Intel i5-14600H,NVIDIA RTX 4050,128,512,False,1.01,13.3,3.57,2745.2,120,164.71
Dell,Alienware M15,Intel Core Ultra 9 15700H,NVIDIA RTX 4080,8,256,True,2.97,18.4,5.19,2679.6,120,187.57
Dell,Latitude 7420,AMD Ryzen 7 8800H,NVIDIA RTX 4070,16,4096,True,1.4,14.0,4.36,2997.6,120,209.83
Dell,Inspiron 15,AMD Ryzen 9 8900HX,NVIDIA RTX 4080,64,1024,True,1.48,13.3,5.47,3774.4,120,264.21
Dell,Latitude 7420,Intel i5-14500H,NVIDIA RTX 4050,8,1024,True,2.53,17.3,2.4,1906.4,120,114.38
Dell,XPS 15,Intel i5-14600H,NVIDIA RTX 3050,16,2048,True,1.15,14.0,5.81,1872.8,120,112.37
Dell,Latitude 7420,Intel Core Ultra 7 15500H,NVIDIA RTX 4060,8,2048,True,2.49,16.0,6.28,2158.8,120,151.12
Dell,Latitude 7420,AMD Ryzen 7 8800H,NVIDIA RTX 4070,128,1024,True,1.33,13.3,6.32,3586.4,120,215.18
Dell,XPS 13,Intel i5-14600H,NVIDIA RTX 3050,128,512,False,3.44,18.4,5.35,2445.2,120,171.16
Dell,XPS 13,AMD Ryzen 9 8900HX,AMD Radeon 780M,64,256,False,1.01,13.3,3.85,2707.6,120,189.53
Dell,Inspiron 15,Intel i5-14500H,Intel Iris Xe,128,4096,True,1.22,14.0,4.15,2973.6,120,178.42
Dell,XPS 13,Intel i5-14500H,NVIDIA RTX 4050,8,512,True,2.64,18.4,5.21,1855.2,120,129.86
Dell,XPS 15,Intel Core Ultra 9 15700H,Intel Arc A750M,16,256,False,3.07,17.3,4.56,1423.6,120,99.65
Dell,XPS 15,Intel Core Ultra 7 15500H,NVIDIA RTX 4060,8,1024,True,1.32,14.0,2.68,2026.4,120,101.32
Dell,XPS 13,AMD Ryzen 5 8600H,NVIDIA RTX 3050,16,2048,False,3.3,18.4,4.79,1702.8,120,119.2
Dell,Alienware M15,Intel i7-14800H,NVIDIA RTX 4070,8,2048,True,1.16,14.0,4.12,2808.8,120,168.53
Dell,XPS 15,Intel Core Ultra 7 15500H,Intel Arc A750M,16,512,True,2.57,17.3,2.67,1569.2,120,78.46
Dell,Alienware M15,Intel Core Ultra 7 15500H,NVIDIA RTX 4060,8,4096,True,2.59,18.4,6.91,2363.61,120,141.82
Dell,Inspiron 15,AMD Ryzen 5 8600H,AMD Radeon 680M,128,1024,True,2.06,15.6,2.98,2616.4,120,156.98
Dell,Latitude 7420,Intel i7-14800H,NVIDIA RTX 4080,32,4096,True,2.16,15.6,2.93,3555.6,120,177.78
Dell,Latitude 7420,AMD Ryzen 7 8800H,NVIDIA RTX 4060,64,1024,True,2.22,16.0,6.34,2804.4,120,140.22
Dell,Alienware M15,Intel i5-14600H,NVIDIA RTX 3050,8,256,False,1.2,13.3,6.39,1509.6,120,90.58
Dell,XPS 15,AMD Ryzen 9 8900HX,NVIDIA RTX 4070,32,256,False,1.37,13.3,2.68,2921.6,120,146.08
Dell,Latitude 7420,AMD Ryzen 5 8600H,AMD Radeon 680M,16,256,False,3.08,18.4,5.64,1523.6,120,76.18
Dell,XPS 15,Intel i9-14900HK,NVIDIA RTX 4070,16,1024,False,1.44,13.3,3.71,2870.4,120,200.93
Dell,XPS 15,Intel i7-14800H,NVIDIA RTX 4070,64,256,False,1.05,14.0,3.58,2957.6,120,177.46
Dell,Inspiron 15,Intel i7-14700H,NVIDIA RTX 4060,128,512,True,1.2,14.0,4.05,3315.2,120,232.06
Dell,Inspiron 15,Intel i5-14500H,NVIDIA RTX 3050,8,256,True,1.25,13.3,6.08,1629.6,120,97.78
Dell,XPS 13,Intel Core Ultra 7 15500H,NVIDIA RTX 4060,32,1024,True,2.62,18.4,2.7,2248.4,120,112.42
Dell,XPS 13,Intel i5-14500H,Intel Iris Xe,64,1024,False,1.35,13.3,2.05,1954.4,120,117.26
Dell,XPS 15,Intel i7-14800H,NVIDIA RTX 4080,32,512,True,1.27,13.3,4.64,3247.2,120,194.83
HP,Spectre x360,Intel i7-14800H,NVIDIA RTX 4060,16,4096,True,1.6,16.0,6.59,2727.6,90,190.93
HP,EliteBook 840,Intel i7-14700H,NVIDIA RTX 4070,16,4096,True,1.02,13.3,4.36,3077.6,90,153.88
HP,Omen 15,AMD Ryzen 5 8600H,NVIDIA RTX 3050,128,256,True,2.67,17.3,6.61,2539.6,90,177.77
HP,Envy 13,Intel i7-14700H,NVIDIA RTX 4070,8,512,False,3.43,18.4,5.51,2485.2,90,149.11
HP,EliteBook 840,AMD Ryzen 9 8900HX,NVIDIA RTX 4070,128,1024,True,2.04,15.6,4.65,3916.4,90,274.15
HP,Pavilion 15,Intel i7-14700H,NVIDIA RTX 4060,16,4096,True,1.97,15.6,2.47,2727.6,90,163.66
HP,Pavilion 15,Intel i7-14800H,NVIDIA RTX 4060,128,4096,True,2.84,18.4,3.15,3623.6,90,217.42
HP,EliteBook 840,Intel Core Ultra 9 15700H,NVIDIA RTX 4080,8,1024,True,2.92,17.3,3.58,2756.4,90,165.38
HP,Pavilion 15,Intel i5-14600H,NVIDIA RTX 4050,64,256,False,2.61,17.3,6.74,2157.6,90,129.46
HP,Envy 13,Intel Core Ultra 7 15500H,Intel Arc A750M,64,2048,False,1.97,16.0,4.07,1986.8,90,119.21
HP,EliteBook 840,Intel i7-14700H,NVIDIA RTX 4070,16,1024,True,2.13,15.6,6.29,2720.4,90,190.43
HP,Pavilion 15,AMD Ryzen 7 8800H,AMD Radeon 780M,32,2048,False,1.0,13.3,2.22,2330.8,90,163.16
HP,Omen 15,Intel Core Ultra 7 15500H,Intel Arc A750M,8,4096,False,1.16,14.0,5.1,1793.6,90,89.68
HP,Spectre x360,Intel Core Ultra 7 15500H,NVIDIA RTX 4060,128,4096,False,2.48,16.0,4.66,3203.6,90,160.18
HP,Envy 13,Intel i5-14500H,NVIDIA RTX 3050,8,2048,True,1.42,14.0,6.59,1728.8,90,103.73
HP,Omen 15,Intel Core Ultra 9 15700H,Intel Arc A750M,16,256,True,2.02,16.0,6.56,1543.6,90,108.05
HP,Pavilion 15,Intel i7-14800H,NVIDIA RTX 4060,32,4096,False,2.53,17.3,6.72,2735.6,90,136.78
HP,Envy 13,Intel Core Ultra 9 15700H,NVIDIA RTX 4070,8,256,True,3.04,17.3,3.59,2279.6,90,136.78
HP,Spectre x360,Intel i5-14500H,NVIDIA RTX 3050,64,512,True,1.7,16.0,3.79,2053.2,90,123.19
HP,Pavilion 15,Intel i5-14600H,NVIDIA RTX 4050,32,1024,True,2.34,16.0,6.58,2098.41,90,125.9
HP,Pavilion 15,Intel Core Ultra 9 15700H,NVIDIA RTX 4070,128,2048,True,1.41,14.0,6.51,3388.8,90,169.44
HP,Pavilion 15,AMD Ryzen 7 8800H,NVIDIA RTX 4070,64,2048,False,1.18,14.0,4.95,3136.8,90,219.58
HP,Spectre x360,Intel i7-14700H,NVIDIA RTX 4070,16,512,False,1.44,13.3,3.75,2519.2,90,176.34
HP,Envy 13,Intel i7-14800H,NVIDIA RTX 4060,8,512,False,1.78,15.6,5.42,2185.2,90,131.11
HP,EliteBook 840,AMD Ryzen 5 8600H,NVIDIA RTX 3050,128,4096,True,1.9,15.6,5.84,2923.6,90,146.18
HP,Pavilion 15,Intel i9-14900HK,NVIDIA RTX 4080,8,512,False,2.45,15.6,6.9,3185.2,90,222.96
HP,Omen 15,Intel Core Ultra 7 15500H,Intel Arc A750M,16,2048,True,1.08,14.0,4.05,1772.8,90,106.37
HP,Pavilion 15,Intel i7-14800H,NVIDIA RTX 4080,32,1024,True,2.53,17.3,3.61,3248.4,90,227.39
HP,Omen 15,Intel i7-14700H,NVIDIA RTX 4070,128,2048,False,2.69,17.3,6.32,3598.8,90,179.94
HP,Envy 13,Intel Core Ultra 9 15700H,NVIDIA RTX 4080,64,512,True,2.08,16.0,6.29,3153.2,90,189.19
HP,Spectre x360,AMD Ryzen 5 8600H,NVIDIA RTX 4050,128,4096,False,3.15,17.3,6.21,3053.6,90,183.22
HP,EliteBook 840,Intel i7-14800H,NVIDIA RTX 4070,128,512,True,1.35,13.3,6.84,3535.2,90,247.46
HP,Pavilion 15,Intel i5-14500H,NVIDIA RTX 4050,8,2048,False,2.5,17.3,2.41,1888.8,90,94.44
HP,EliteBook 840,AMD Ryzen 9 8900HX,NVIDIA RTX 4080,128,512,False,3.07,17.3,3.56,4145.2,90,248.71
HP,EliteBook 840,Intel i5-14600H,Intel Iris Xe,32,4096,True,1.58,15.6,6.23,2155.6,90,150.89
HP,Pavilion 15,Intel i5-14600H,Intel Iris Xe,64,2048,False,2.3,16.0,4.77,2086.8,90,146.08
HP,Envy 13,Intel i5-14600H,Intel Iris Xe,8,4096,True,3.27,18.4,5.02,1963.6,90,137.45
HP,Spectre x360,Intel Core Ultra 7 15500H,NVIDIA RTX 4070,64,2048,False,3.06,17.3,2.12,2786.8,90,167.21
HP,Pavilion 15,Intel i7-14700H,NVIDIA RTX 4060,32,512,True,3.39,17.3,4.64,2497.2,90,124.86
HP,Omen 15,Intel Core Ultra 7 15500H,Intel Arc A750M,64,1024,False,2.19,15.6,6.98,1884.4,90,94.22
HP,Pavilion 15,AMD Ryzen 5 8600H,NVIDIA RTX 4050,32,256,False,1.17,13.3,5.39,1951.6,90,136.61
HP,Envy 13,Intel i9-14900HK,NVIDIA RTX 4070,64,256,True,2.97,17.3,5.27,3327.6,90,232.93
HP,Spectre x360,AMD Ryzen 9 8900HX,NVIDIA RTX 4070,8,256,True,1.51,15.6,6.8,2879.6,90,201.57
HP,Envy 13,Intel Core Ultra 7 15500H,NVIDIA RTX 4070,16,2048,False,1.39,14.0,6.71,2372.81,90,166.1
HP,Spectre x360,Intel Core Ultra 9 15700H,NVIDIA RTX 4070,128,1024,False,1.15,13.3,5.34,3246.4,90,194.78
HP,Spectre x360,Intel i5-14500H,Intel Iris Xe,16,4096,False,2.5,15.6,2.55,1907.6,90,133.53
HP,Omen 15,Intel i7-14700H,NVIDIA RTX 4070,64,256,False,1.16,13.3,3.83,2957.6,90,177.46
HP,Omen 15,Intel i7-14800H,NVIDIA RTX 4070,64,256,False,2.13,16.0,6.99,2907.6,90,145.38
HP,Pavilion 15,AMD Ryzen 5 8600H,NVIDIA RTX 3050,128,512,False,1.12,14.0,5.42,2495.2,90,149.71
HP,Pavilion 15,Intel Core Ultra 9 15700H,Intel Arc A750M,128,2048,False,3.11,17.3,3.2,2498.8,90,124.94
HP,EliteBook 840,Intel Core Ultra 9 15700H,NVIDIA RTX 4070,128,4096,True,2.12,16.0,3.49,3623.6,90,253.65
HP,Pavilion 15,Intel i7-14800H,NVIDIA RTX 4070,32,256,True,3.18,17.3,4.26,2771.6,90,166.3
HP,Pavilion 15,Intel Core Ultra 9 15700H,NVIDIA RTX 4070,8,1024,True,2.27,15.6,3.79,2356.4,90,117.82
HP,Omen 15,Intel i7-14800H,NVIDIA RTX 4080,128,256,True,1.22,14.0,3.49,3989.6,90,239.38
HP,Omen 15,Intel i5-14500H,Intel Iris Xe,8,2048,True,2.29,15.6,3.53,1758.8,90,105.53
HP,Omen 15,AMD Ryzen 9 8900HX,NVIDIA RTX 4080,8,256,False,3.36,18.4,2.22,3159.6,90,157.98
HP,Spectre x360,Intel i7-14700H,NVIDIA RTX 4070,16,256,True,1.64,15.6,3.8,2643.6,90,185.05
HP,Spectre x360,Intel i5-14600H,Intel Iris Xe,8,256,False,1.05,14.0,3.95,1509.6,90,105.67
HP,Envy 13,AMD Ryzen 5 8600H,NVIDIA RTX 4050,32,512,False,2.16,15.6,3.64,1927.2,90,134.9
HP,Envy 13,Intel i9-14900HK,NVIDIA RTX 4070,8,4096,False,3.47,18.4,2.81,3143.6,90,188.62
HP,Omen 15,Intel Core Ultra 7 15500H,NVIDIA RTX 4060,128,256,True,2.74,17.3,5.69,2939.6,90,176.38
HP,Pavilion 15,AMD Ryzen 5 8600H,NVIDIA RTX 3050,32,2048,False,2.22,16.0,2.04,1830.8,90,128.16
HP,Pavilion 15,Intel i7-14800H,NVIDIA RTX 4060,128,4096,False,3.08,17.3,2.07,3503.6,90,175.18
HP,EliteBook 840,Intel i9-14900HK,NVIDIA RTX 4070,128,2048,False,2.55,17.3,4.32,3898.8,90,272.92
HP,Envy 13,AMD Ryzen 7 8800H,NVIDIA RTX 4060,128,1024,False,3.05,17.3,3.35,3196.4,90,159.82
HP,Omen 15,Intel Core Ultra 7 15500H,NVIDIA RTX 4070,32,4096,False,1.17,13.3,6.53,2785.6,90,194.99
HP,Spectre x360,AMD Ryzen 9 8900HX,NVIDIA RTX 4070,64,1024,True,3.14,18.4,5.6,3404.4,90,204.26
HP,Omen 15,Intel i5-14500H,Intel Iris Xe,8,4096,True,1.26,13.3,4.08,2013.61,90,100.68
HP,Omen 15,Intel i5-14500H,NVIDIA RTX 4050,128,256,True,1.57,15.6,6.69,2789.6,90,195.27
HP,Envy 13,Intel i7-14700H,NVIDIA RTX 4060,32,2048,True,1.65,16.0,6.99,2650.8,90,132.54
HP,Pavilion 15,Intel i7-14700H,NVIDIA RTX 4070,8,256,True,2.99,17.3,5.8,2579.6,90,154.78
HP,Envy 13,Intel Core Ultra 7 15500H,NVIDIA RTX 4060,128,512,True,1.49,14.0,5.74,2935.2,90,205.46
HP,Envy 13,Intel i7-14700H,NVIDIA RTX 4070,16,4096,True,3.03,18.4,2.72,3027.6,90,151.38
HP,Envy 13,Intel i7-14800H,NVIDIA RTX 4070,16,256,True,1.87,15.6,5.7,2643.59,90,132.18
HP,Pavilion 15,AMD Ryzen 7 8800H,AMD Radeon 780M,8,4096,False,3.07,18.4,5.03,2293.6,90,160.55
HP,Spectre x360,Intel i9-14900HK,NVIDIA RTX 4070,128,2048,False,2.7,18.4,4.98,3898.8,90,233.93
HP,Envy 13,AMD Ryzen 7 8800H,NVIDIA RTX 4060,16,4096,True,3.36,18.4,5.19,2727.6,90,190.93
HP,Omen 15,Intel Core Ultra 9 15700H,NVIDIA RTX 4080,64,512,True,3.31,18.4,3.29,3153.2,90,220.72
HP,EliteBook 840,Intel i7-14800H,NVIDIA RTX 4080,64,4096,True,3.32,17.3,2.86,3811.6,90,190.58
HP,Spectre x360,AMD Ryzen 7 8800H,AMD Radeon 780M,8,2048,False,2.36,15.6,5.35,2088.8,90,125.33
HP,Envy 13,Intel i5-14500H,NVIDIA RTX 3050,128,2048,True,1.87,15.6,6.11,2718.8,90,135.94
HP,Spectre x360,Intel i7-14700H,NVIDIA RTX 4060,64,1024,True,2.89,17.3,6.71,2804.39,90,140.22
HP,Omen 15,AMD Ryzen 9 8900HX,AMD Radeon 780M,8,1024,False,2.14,16.0,5.44,2286.4,90,114.32
HP,Pavilion 15,AMD Ryzen 9 8900HX,AMD Radeon 780M,32,512,True,1.64,16.0,3.07,2547.2,90,178.3
HP,Spectre x360,Intel i5-14600H,NVIDIA RTX 4050,8,256,False,1.32,14.0,2.18,1679.6,90,100.78
HP,EliteBook 840,Intel i5-14600H,Intel Iris Xe,64,2048,False,3.45,18.4,6.4,2086.79,90,146.08
HP,Omen 15,AMD Ryzen 5 8600H,AMD Radeon 680M,8,256,True,1.93,16.0,4.32,1579.6,90,78.98
HP,Spectre x360,Intel i7-14700H,NVIDIA RTX 4060,8,1024,False,1.26,14.0,5.44,2286.4,90,160.05
HP,Omen 15,Intel i9-14900HK,NVIDIA RTX 4070,128,2048,False,1.01,13.3,3.06,3948.8,90,276.42
HP,Omen 15,Intel i5-14500H,NVIDIA RTX 3050,128,1024,True,2.57,17.3,4.59,2616.4,90,183.15
HP,EliteBook 840,Intel i5-14600H,Intel Iris Xe,128,512,True,1.84,16.0,4.38,2565.2,90,128.26
HP,EliteBook 840,Intel i5-14500H,NVIDIA RTX 4050,8,2048,True,1.54,15.6,4.81,2008.8,90,140.62
HP,Pavilion 15,Intel i9-14900HK,NVIDIA RTX 4070,16,4096,False,3.09,18.4,4.82,3207.6,90,224.53
HP,Spectre x360,AMD Ryzen 7 8800H,NVIDIA RTX 4060,128,2048,True,2.87,17.3,4.74,3418.8,90,205.13
HP,Envy 13,Intel i5-14600H,Intel Iris Xe,64,256,True,1.08,13.3,6.15,2077.6,90,145.43
HP,EliteBook 840,Intel i5-14500H,Intel Iris Xe,128,4096,False,1.38,14.0,4.83,2773.61,90,166.42
HP,Omen 15,Intel i9-14900HK,NVIDIA RTX 4080,128,256,False,1.78,16.0,2.49,4119.6,90,288.37
HP,Pavilion 15,Intel i7-14700H,NVIDIA RTX 4060,64,512,False,3.09,17.3,5.06,2633.2,90,131.66
HP,Pavilion 15,Intel i9-14900HK,NVIDIA RTX 4070,128,1024,False,1.43,13.3,5.69,3766.4,90,263.65
HP,Omen 15,Intel Core Ultra 7 15500H,Intel Arc A750M,32,512,True,2.57,18.4,6.92,1697.2,90,118.8
HP,Envy 13,Intel i9-14900HK,NVIDIA RTX 4080,32,512,True,2.34,15.6,5.63,3497.2,90,244.8
HP,Omen 15,AMD Ryzen 5 8600H,AMD Radeon 680M,16,4096,True,1.31,13.3,6.57,1997.6,90,139.83
HP,Pavilion 15,Intel i5-14500H,Intel Iris Xe,32,4096,True,2.64,17.3,5.67,2155.6,90,107.78
HP,Pavilion 15,AMD Ryzen 9 8900HX,NVIDIA RTX 4070,32,512,True,1.22,13.3,6.93,3147.2,90,220.3
HP,EliteBook 840,Intel i5-14600H,NVIDIA RTX 4050,64,4096,False,1.44,13.3,2.86,2511.6,90,150.7
HP,Envy 13,Intel Core Ultra 7 15500H,Intel Arc A750M,64,256,False,2.99,17.3,5.34,1807.6,90,108.46
HP,Pavilion 15,Intel i5-14600H,NVIDIA RTX 3050,128,4096,False,2.51,17.3,4.89,2803.6,90,140.18
HP,Spectre x360,Intel i7-14800H,NVIDIA RTX 4080,16,256,False,3.08,17.3,2.81,2923.6,90,204.65
HP,Spectre x360,Intel i5-14500H,NVIDIA RTX 3050,64,2048,False,3.35,18.4,2.13,2086.8,90,146.08
HP,Pavilion 15,Intel Core Ultra 9 15700H,NVIDIA RTX 4070,8,4096,True,1.25,13.3,6.39,2713.6,90,189.95
HP,Pavilion 15,AMD Ryzen 7 8800H,NVIDIA RTX 4060,64,1024,True,3.0,18.4,3.21,2804.4,90,140.22
HP,Omen 15,Intel Core Ultra 9 15700H,Intel Arc A750M,16,512,True,2.83,18.4,2.31,1569.2,90,78.46
HP,Spectre x360,Intel i7-14800H,NVIDIA RTX 4070,32,4096,False,2.81,17.3,5.1,3035.6,90,151.78
HP,Envy 13,Intel i7-14800H,NVIDIA RTX 4080,128,256,True,3.18,17.3,5.92,3939.6,90,236.38
HP,Pavilion 15,Intel i9-14900HK,NVIDIA RTX 4070,128,1024,False,1.07,13.3,6.78,3846.4,90,192.32
HP,Pavilion 15,Intel Core Ultra 9 15700H,NVIDIA RTX 4080,128,256,False,1.12,14.0,2.5,3569.6,90,214.18
HP,Envy 13,AMD Ryzen 9 8900HX,NVIDIA RTX 4070,128,1024,False,1.01,14.0,6.67,3846.41,90,192.32
HP,Envy 13,Intel Core Ultra 9 15700H,NVIDIA RTX 4080,32,4096,False,1.26,13.3,5.2,3185.6,90,222.99
HP,Omen 15,AMD Ryzen 7 8800H,NVIDIA RTX 4060,128,512,False,2.84,17.3,5.09,3145.2,90,220.16
HP,Spectre x360,Intel i5-14600H,NVIDIA RTX 3050,32,2048,False,1.25,13.3,4.25,1880.8,90,112.85
HP,EliteBook 840,AMD Ryzen 7 8800H,NVIDIA RTX 4060,64,256,True,3.28,17.3,3.22,2727.6,90,163.66
HP,Omen 15,Intel i5-14600H,NVIDIA RTX 4050,8,256,True,2.24,15.6,3.87,1829.6,90,91.48
HP,Omen 15,Intel i5-14600H,NVIDIA RTX 3050,16,2048,False,3.46,18.4,6.88,1702.8,90,85.14
HP,Envy 13,Intel i5-14500H,Intel Iris Xe,16,256,False,2.44,16.0,4.29,1523.6,90,106.65
HP,EliteBook 840,Intel Core Ultra 7 15500H,Intel Arc A750M,128,2048,True,1.19,14.0,3.33,2668.8,90,133.44
HP,Omen 15,Intel i5-14500H,NVIDIA RTX 4050,128,256,False,1.05,13.3,6.34,2719.6,90,163.18
HP,Envy 13,Intel Core Ultra 7 15500H,NVIDIA RTX 4060,64,1024,False,1.77,16.0,6.93,2384.4,90,166.91
HP,EliteBook 840,Intel Core Ultra 7 15500H,Intel Arc A750M,128,512,True,2.07,16.0,5.2,2465.2,90,172.56
HP,Pavilion 15,Intel Core Ultra 7 15500H,Intel Arc A750M,8,512,True,2.44,15.6,6.7,1505.2,90,75.26
HP,EliteBook 840,Intel i9-14900HK,NVIDIA RTX 4080,16,512,True,3.1,18.4,5.23,3369.2,90,202.15
HP,Spectre x360,AMD Ryzen 5 8600H,AMD Radeon 680M,8,1024,True,2.77,18.4,6.28,1656.4,90,99.38
HP,Omen 15,AMD Ryzen 5 8600H,NVIDIA RTX 4050,64,1024,True,3.11,17.3,5.12,2354.4,90,117.72
HP,Omen 15,AMD Ryzen 7 8800H,NVIDIA RTX 4060,32,256,True,2.19,16.0,5.8,2471.6,90,148.3
HP,Omen 15,Intel i7-14700H,NVIDIA RTX 4060,128,256,False,1.27,13.3,4.35,3169.6,90,221.87
HP,EliteBook 840,Intel i7-14700H,NVIDIA RTX 4060,16,1024,False,1.32,13.3,3.03,2270.4,90,113.52
HP,Envy 13,Intel i9-14900HK,NVIDIA RTX 4070,128,2048,False,2.05,15.6,2.29,3898.8,90,272.92
Lenovo,Legion 5,Intel i7-14800H,NVIDIA RTX 4060,32,1024,True,1.14,14.0,2.68,2598.4,110,129.92
Lenovo,Yoga Slim 7,Intel i5-14600H,Intel Iris Xe,32,2048,False,1.65,16.0,2.54,1830.8,110,91.54
Lenovo,ThinkBook 14s,Intel Core Ultra 7 15500H,Intel Arc A750M,16,512,False,3.35,18.4,6.8,1449.2,110,101.44
Lenovo,ThinkBook 14s,Intel i5-14600H,Intel Iris Xe,32,2048,True,1.04,14.0,4.23,2000.8,110,120.05
Lenovo,Legion 5,Intel Core Ultra 7 15500H,NVIDIA RTX 4070,8,2048,True,2.18,15.6,6.56,2458.8,110,147.53
Lenovo,Legion 5,Intel Core Ultra 7 15500H,Intel Arc A750M,128,256,True,2.07,16.0,3.41,2439.6,110,170.77
Lenovo,Legion 5,Intel i7-14800H,NVIDIA RTX 4080,64,1024,False,1.23,13.3,6.46,3434.4,110,171.72
Lenovo,ThinkBook 14s,Intel Core Ultra 9 15700H,NVIDIA RTX 4070,32,512,False,2.25,16.0,5.6,2377.2,110,142.63
Lenovo,ThinkBook 14s,Intel i5-14600H,NVIDIA RTX 4050,16,512,True,2.26,15.6,4.1,1919.2,110,134.34
Lenovo,IdeaPad 5,Intel Core Ultra 7 15500H,Intel Arc A750M,128,256,False,2.09,15.6,4.63,2319.6,110,115.98
Lenovo,IdeaPad 5,Intel Core Ultra 9 15700H,NVIDIA RTX 4080,128,2048,False,2.97,18.4,3.87,3698.8,110,258.92
Lenovo,Legion 5,Intel i7-14800H,NVIDIA RTX 4080,64,2048,True,3.32,17.3,3.14,3606.8,110,216.41
Lenovo,Yoga Slim 7,Intel i7-14800H,NVIDIA RTX 4080,128,256,True,2.25,15.6,4.09,3939.6,110,236.38
Lenovo,ThinkBook 14s,AMD Ryzen 5 8600H,NVIDIA RTX 4050,32,2048,False,2.12,16.0,4.01,2080.8,110,145.66
Lenovo,Yoga Slim 7,Intel i7-14800H,NVIDIA RTX 4060,64,256,True,2.99,18.4,3.62,2727.6,110,163.66
Lenovo,Yoga Slim 7,AMD Ryzen 7 8800H,NVIDIA RTX 4060,8,4096,False,2.46,16.0,4.78,2543.6,110,127.18
Lenovo,ThinkBook 14s,Intel i5-14600H,Intel Iris Xe,8,2048,False,2.6,18.4,3.07,1638.8,110,81.94
Lenovo,Yoga Slim 7,Intel Core Ultra 7 15500H,Intel Arc A750M,64,2048,True,1.21,13.3,2.4,2156.8,110,129.41
Lenovo,IdeaPad 5,Intel i5-14600H,Intel Iris Xe,128,1024,False,1.16,13.3,5.04,2546.4,110,178.25
Lenovo,ThinkPad X1 Carbon,Intel Core Ultra 9 15700H,Intel Arc A750M,64,4096,False,1.9,16.0,2.54,2191.6,110,131.5
Lenovo,ThinkPad X1 Carbon,Intel i9-14900HK,NVIDIA RTX 4080,16,256,False,2.98,17.3,6.74,3223.6,110,225.65
Lenovo,ThinkPad X1 Carbon,AMD Ryzen 5 8600H,NVIDIA RTX 4050,16,256,False,2.73,18.4,6.88,1773.6,110,124.15
Lenovo,ThinkPad X1 Carbon,AMD Ryzen 7 8800H,NVIDIA RTX 4070,8,1024,True,2.7,17.3,4.82,2656.4,110,132.82
Lenovo,ThinkPad X1 Carbon,Intel i5-14500H,Intel Iris Xe,8,256,False,1.03,14.0,6.56,1509.6,110,105.67
Lenovo,IdeaPad 5,Intel i9-14900HK,NVIDIA RTX 4070,32,512,False,2.1,16.0,4.56,2977.2,110,178.63
Lenovo,ThinkPad X1 Carbon,AMD Ryzen 9 8900HX,AMD Radeon 780M,64,4096,True,2.66,17.3,3.75,3161.6,110,158.08
Lenovo,Legion 5,AMD Ryzen 9 8900HX,AMD Radeon 780M,32,2048,False,2.22,16.0,5.55,2580.8,110,154.85
Lenovo,ThinkPad X1 Carbon,Intel i9-14900HK,NVIDIA RTX 4080,16,1024,False,1.03,13.3,4.79,3350.4,110,201.02
Lenovo,ThinkBook 14s,Intel Core Ultra 9 15700H,Intel Arc A750M,32,1024,True,2.31,15.6,3.02,1748.4,110,104.9
Lenovo,IdeaPad 5,Intel Core Ultra 9 15700H,NVIDIA RTX 4080,16,1024,True,1.31,13.3,6.92,2790.4,110,195.33
Lenovo,Legion 5,Intel i5-14600H,Intel Iris Xe,32,2048,False,1.47,13.3,3.03,1800.8,110,90.04
Lenovo,Yoga Slim 7,AMD Ryzen 5 8600H,NVIDIA RTX 3050,8,512,False,1.9,16.0,3.04,1485.2,110,89.11
Lenovo,Yoga Slim 7,Intel i5-14600H,NVIDIA RTX 3050,32,256,False,2.31,16.0,5.57,1651.6,110,99.1
Lenovo,ThinkBook 14s,Intel i7-14800H,NVIDIA RTX 4070,128,512,True,1.82,16.0,5.01,3565.2,110,249.56
Lenovo,Yoga Slim 7,Intel i7-14700H,NVIDIA RTX 4070,64,512,False,2.11,16.0,6.11,2933.2,110,175.99
Lenovo,ThinkPad X1 Carbon,Intel Core Ultra 9 15700H,Intel Arc A750M,64,256,True,3.45,17.3,2.5,1927.6,110,96.38
Lenovo,Legion 5,Intel Core Ultra 7 15500H,Intel Arc A750M,128,2048,False,1.51,16.0,2.84,2498.8,110,124.94
Lenovo,ThinkPad X1 Carbon,Intel Core Ultra 7 15500H,NVIDIA RTX 4060,64,4096,False,1.91,16.0,6.8,2691.6,110,188.41
Lenovo,IdeaPad 5,Intel i9-14900HK,NVIDIA RTX 4080,16,1024,False,1.44,14.0,5.42,3270.4,110,163.52
Lenovo,IdeaPad 5,AMD Ryzen 7 8800H,NVIDIA RTX 4070,32,1024,True,3.13,18.4,3.74,2848.4,110,170.9
Lenovo,ThinkBook 14s,Intel Core Ultra 9 15700H,NVIDIA RTX 4070,32,4096,False,2.98,18.4,2.34,2735.6,110,136.78
Lenovo,ThinkPad X1 Carbon,Intel i5-14500H,NVIDIA RTX 4050,128,256,True,2.16,15.6,6.94,2789.6,110,167.38
Lenovo,Yoga Slim 7,Intel i5-14500H,Intel Iris Xe,16,512,False,2.47,15.6,2.85,1549.2,110,77.46
Lenovo,Legion 5,Intel i7-14700H,NVIDIA RTX 4060,64,512,False,1.57,15.6,2.45,2633.2,110,184.32
Lenovo,IdeaPad 5,Intel i5-14600H,NVIDIA RTX 4050,32,2048,False,1.34,13.3,6.92,2050.8,110,123.05
Lenovo,IdeaPad 5,Intel i7-14700H,NVIDIA RTX 4070,64,2048,True,3.15,18.4,4.83,3206.8,110,192.41
Lenovo,Legion 5,Intel i7-14700H,NVIDIA RTX 4070,128,512,True,1.1,14.0,3.32,3615.2,110,216.91
Lenovo,Legion 5,Intel i7-14800H,NVIDIA RTX 4060,128,512,False,3.24,18.4,4.76,3145.2,110,220.16
Lenovo,IdeaPad 5,AMD Ryzen 9 8900HX,NVIDIA RTX 4080,16,1024,False,3.39,17.3,2.76,3300.4,110,165.02
Lenovo,ThinkBook 14s,Intel i5-14600H,NVIDIA RTX 4050,32,512,False,1.13,14.0,6.56,1977.2,110,138.4
Lenovo,Legion 5,AMD Ryzen 5 8600H,NVIDIA RTX 4050,16,4096,True,1.86,15.6,4.33,2277.6,110,136.66
Lenovo,ThinkPad X1 Carbon,Intel i9-14900HK,NVIDIA RTX 4070,8,512,False,1.69,16.0,4.92,2785.2,110,167.11
Lenovo,ThinkPad X1 Carbon,AMD Ryzen 9 8900HX,NVIDIA RTX 4070,8,1024,True,3.33,18.4,6.87,2956.41,110,147.82
Lenovo,ThinkPad X1 Carbon,AMD Ryzen 9 8900HX,NVIDIA RTX 4080,32,4096,True,1.24,13.3,6.86,3905.6,110,234.34
Lenovo,Yoga Slim 7,AMD Ryzen 9 8900HX,NVIDIA RTX 4070,16,4096,False,2.82,17.3,6.05,3207.6,110,160.38
Lenovo,ThinkPad X1 Carbon,Intel i7-14700H,NVIDIA RTX 4070,128,1024,True,1.36,13.3,3.49,3586.4,110,251.05
Lenovo,ThinkBook 14s,AMD Ryzen 7 8800H,AMD Radeon 780M,128,2048,False,1.33,13.3,4.31,3018.8,110,150.94
Lenovo,ThinkBook 14s,Intel Core Ultra 7 15500H,Intel Arc A750M,32,4096,True,2.46,15.6,3.7,2055.6,110,102.78
Lenovo,ThinkPad X1 Carbon,Intel Core Ultra 9 15700H,NVIDIA RTX 4070,128,1024,True,1.34,13.3,4.45,3286.41,110,164.32
Lenovo,ThinkBook 14s,Intel i9-14900HK,NVIDIA RTX 4070,128,1024,False,1.01,14.0,3.42,3846.4,110,230.78
Lenovo,Yoga Slim 7,Intel Core Ultra 7 15500H,NVIDIA RTX 4070,16,4096,False,1.29,13.3,2.2,2657.6,110,186.03
Lenovo,Legion 5,Intel i7-14800H,NVIDIA RTX 4070,8,256,True,2.71,18.4,4.17,2579.6,110,128.98
Lenovo,Legion 5,AMD Ryzen 5 8600H,NVIDIA RTX 3050,64,2048,True,1.2,14.0,2.03,2256.8,110,157.98
Lenovo,Legion 5,Intel Core Ultra 9 15700H,NVIDIA RTX 4070,8,2048,False,1.89,15.6,6.45,2338.8,110,116.94
Lenovo,ThinkBook 14s,Intel i9-14900HK,NVIDIA RTX 4080,64,4096,True,2.49,15.6,6.83,4111.6,110,205.58
Lenovo,IdeaPad 5,AMD Ryzen 5 8600H,NVIDIA RTX 3050,64,1024,True,1.21,13.3,6.28,2154.4,110,129.26
Lenovo,ThinkBook 14s,Intel i5-14500H,NVIDIA RTX 3050,8,256,True,2.64,18.4,5.78,1579.6,110,94.78
Lenovo,ThinkPad X1 Carbon,AMD Ryzen 9 8900HX,AMD Radeon 780M,32,512,False,1.46,14.0,5.74,2397.2,110,167.8
Lenovo,ThinkBook 14s,AMD Ryzen 9 8900HX,NVIDIA RTX 4080,128,1024,True,1.34,13.3,5.63,4286.4,110,257.18
Lenovo,Yoga Slim 7,Intel i7-14700H,NVIDIA RTX 4070,8,1024,True,1.21,14.0,3.26,2706.4,110,135.32
Lenovo,ThinkBook 14s,Intel i5-14500H,Intel Iris Xe,16,256,True,1.37,13.3,2.52,1613.6,110,96.82
Lenovo,ThinkBook 14s,Intel i5-14500H,NVIDIA RTX 4050,16,1024,False,2.46,15.6,2.66,1850.4,110,129.53
Lenovo,Legion 5,Intel i9-14900HK,NVIDIA RTX 4070,32,1024,False,1.39,13.3,2.68,2998.4,110,209.89
Lenovo,IdeaPad 5,Intel Core Ultra 9 15700H,NVIDIA RTX 4070,32,512,False,1.48,14.0,6.07,2347.19,110,117.36
Lenovo,ThinkBook 14s,AMD Ryzen 5 8600H,NVIDIA RTX 4050,128,1024,True,2.56,17.3,4.85,2866.4,110,200.65
Lenovo,IdeaPad 5,Intel i7-14700H,NVIDIA RTX 4060,32,4096,False,2.95,18.4,4.06,2735.6,110,191.49
Lenovo,ThinkPad X1 Carbon,AMD Ryzen 9 8900HX,NVIDIA RTX 4080,128,1024,True,1.28,14.0,4.94,4366.4,110,261.98
Lenovo,IdeaPad 5,AMD Ryzen 9 8900HX,AMD Radeon 780M,128,1024,True,3.37,17.3,5.79,3366.4,110,235.65
Lenovo,ThinkPad X1 Carbon,Intel i5-14600H,Intel Iris Xe,16,2048,True,2.83,18.4,6.16,1822.8,110,91.14
Lenovo,Yoga Slim 7,Intel i9-14900HK,NVIDIA RTX 4080,64,1024,True,1.46,13.3,3.49,3774.4,110,226.46
Lenovo,Legion 5,Intel Core Ultra 9 15700H,NVIDIA RTX 4070,128,2048,True,1.3,14.0,4.78,3388.8,110,203.33
Lenovo,IdeaPad 5,Intel i9-14900HK,NVIDIA RTX 4070,32,256,True,1.4,13.3,4.74,3041.6,110,212.91
Lenovo,ThinkBook 14s,Intel i5-14500H,NVIDIA RTX 4050,128,1024,True,1.09,13.3,4.56,2916.4,110,174.98
Lenovo,ThinkBook 14s,Intel i5-14500H,NVIDIA RTX 3050,8,2048,True,1.3,13.3,4.42,1728.8,110,86.44
Lenovo,Yoga Slim 7,Intel i5-14600H,NVIDIA RTX 4050,64,512,False,2.33,15.6,3.92,2183.2,110,109.16
Lenovo,IdeaPad 5,Intel i5-14600H,NVIDIA RTX 4050,8,256,False,1.55,16.0,3.28,1709.61,110,119.67
Lenovo,Legion 5,Intel i7-14700H,NVIDIA RTX 4070,128,512,True,1.27,13.3,3.15,3615.2,110,216.91
Lenovo,Legion 5,Intel Core Ultra 9 15700H,Intel Arc A750M,32,2048,False,1.4,13.3,3.18,1700.8,110,102.05
Lenovo,ThinkBook 14s,Intel i9-14900HK,NVIDIA RTX 4070,16,512,False,2.14,15.6,5.12,2849.2,110,170.95
Lenovo,Legion 5,Intel i5-14600H,NVIDIA RTX 4050,16,256,False,3.07,17.3,6.84,1773.6,110,88.68
Lenovo,IdeaPad 5,Intel i5-14600H,NVIDIA RTX 4050,64,1024,True,1.95,16.0,5.03,2354.4,110,141.26
Lenovo,Yoga Slim 7,AMD Ryzen 9 8900HX,NVIDIA RTX 4070,64,2048,True,1.44,14.0,5.67,3476.8,110,243.38
Lenovo,Legion 5,AMD Ryzen 9 8900HX,AMD Radeon 780M,16,256,False,1.28,13.3,6.03,2323.6,110,139.42
Lenovo,ThinkPad X1 Carbon,Intel Core Ultra 7 15500H,NVIDIA RTX 4060,128,4096,False,3.3,17.3,3.22,3203.6,110,224.25
Lenovo,Yoga Slim 7,Intel i7-14800H,NVIDIA RTX 4080,32,512,True,1.86,15.6,2.46,3197.2,110,159.86
Lenovo,ThinkBook 14s,Intel i9-14900HK,NVIDIA RTX 4080,8,2048,False,2.55,17.3,3.23,3338.8,110,233.72
Lenovo,Yoga Slim 7,Intel i7-14800H,NVIDIA RTX 4070,128,256,True,3.35,17.3,5.01,3539.6,110,247.77
Lenovo,Legion 5,AMD Ryzen 7 8800H,NVIDIA RTX 4070,64,512,True,3.42,18.4,5.85,3053.2,110,152.66
Lenovo,Yoga Slim 7,Intel i7-14800H,NVIDIA RTX 4060,8,256,True,2.96,17.3,2.6,2279.6,110,136.78
Lenovo,ThinkPad X1 Carbon,Intel i5-14500H,Intel Iris Xe,8,2048,True,2.65,17.3,4.51,1758.8,110,123.12
Lenovo,Yoga Slim 7,Intel i5-14600H,NVIDIA RTX 4050,16,4096,True,1.13,14.0,2.53,2327.6,110,116.38
Lenovo,Legion 5,Intel i5-14600H,NVIDIA RTX 3050,32,1024,True,2.74,17.3,6.1,1848.4,110,92.42
Lenovo,IdeaPad 5,AMD Ryzen 7 8800H,AMD Radeon 780M,64,4096,True,1.05,13.3,6.76,2911.6,110,145.58
Lenovo,Yoga Slim 7,AMD Ryzen 5 8600H,NVIDIA RTX 3050,128,2048,False,1.82,16.0,2.72,2598.8,110,155.93
Lenovo,Yoga Slim 7,Intel i5-14500H,NVIDIA RTX 4050,32,2048,False,1.04,13.3,2.51,2130.8,110,149.16
Lenovo,ThinkBook 14s,Intel i9-14900HK,NVIDIA RTX 4070,8,512,False,3.1,17.3,5.77,2785.2,110,167.11
Lenovo,Yoga Slim 7,Intel Core Ultra 7 15500H,NVIDIA RTX 4070,64,256,False,1.23,13.3,3.6,2657.6,110,186.03
Lenovo,Legion 5,AMD Ryzen 5 8600H,AMD Radeon 680M,16,2048,False,3.03,17.3,6.14,1702.8,110,102.17
Lenovo,IdeaPad 5,Intel i7-14800H,NVIDIA RTX 4070,128,256,False,1.33,13.3,3.14,3389.6,110,237.27
Lenovo,Legion 5,Intel Core Ultra 7 15500H,Intel Arc A750M,64,1024,False,2.41,15.6,5.41,1884.4,110,94.22
Lenovo,ThinkPad X1 Carbon,AMD Ryzen 5 8600H,NVIDIA RTX 4050,32,1024,False,2.38,15.6,6.9,1978.4,110,98.92
Lenovo,ThinkPad X1 Carbon,AMD Ryzen 5 8600H,NVIDIA RTX 3050,128,4096,False,3.33,18.4,4.71,2803.6,110,196.25
Lenovo,ThinkPad X1 Carbon,Intel i5-14600H,Intel Iris Xe,32,512,False,1.62,16.0,4.57,1677.2,110,83.86
Lenovo,Legion 5,Intel i5-14500H,NVIDIA RTX 4050,8,4096,False,2.64,17.3,5.97,2093.6,110,104.68
Lenovo,IdeaPad 5,Intel Core Ultra 9 15700H,NVIDIA RTX 4070,8,2048,True,1.63,16.0,3.71,2458.8,110,172.12
Lenovo,Yoga Slim 7,Intel i5-14600H,Intel Iris Xe,64,512,True,1.35,13.3,2.51,2023.2,110,101.16
Lenovo,IdeaPad 5,Intel i9-14900HK,NVIDIA RTX 4070,32,256,True,2.18,15.6,4.62,3071.6,110,153.58
Lenovo,Legion 5,Intel i5-14600H,NVIDIA RTX 4050,64,1024,True,2.17,16.0,5.53,2354.4,110,164.81
Lenovo,Yoga Slim 7,Intel i5-14500H,Intel Iris Xe,64,256,True,3.0,18.4,5.51,2027.6,110,101.38
Lenovo,ThinkBook 14s,Intel Core Ultra 9 15700H,Intel Arc A750M,128,256,False,3.46,17.3,3.24,2319.59,110,115.98
Lenovo,Legion 5,AMD Ryzen 7 8800H,NVIDIA RTX 4060,32,512,False,1.04,14.0,2.46,2427.2,110,121.36
Lenovo,ThinkBook 14s,Intel Core Ultra 7 15500H,Intel Arc A750M,16,512,True,1.55,16.0,6.22,1569.2,110,94.15
Lenovo,ThinkBook 14s,Intel Core Ultra 9 15700H,NVIDIA RTX 4080,32,256,True,1.86,16.0,2.65,2871.6,110,143.58
Lenovo,Yoga Slim 7,AMD Ryzen 5 8600H,NVIDIA RTX 3050,128,2048,True,1.47,14.0,3.16,2688.8,110,134.44
Lenovo,Legion 5,Intel i7-14800H,NVIDIA RTX 4080,32,512,False,1.37,13.3,3.69,3047.2,110,182.83
Lenovo,Yoga Slim 7,Intel i7-14700H,NVIDIA RTX 4060,64,512,True,2.98,17.3,2.15,2753.2,110,137.66
Lenovo,ThinkBook 14s,Intel i5-14500H,NVIDIA RTX 4050,16,4096,False,1.43,13.3,2.64,2127.6,110,148.93
Lenovo,IdeaPad 5,Intel i5-14600H,NVIDIA RTX 3050,16,256,True,1.92,16.0,4.73,1643.6,110,82.18
Lenovo,Legion 5,Intel i7-14800H,NVIDIA RTX 4080,128,512,True,1.2,14.0,4.81,4015.2,110,240.91
Lenovo,Legion 5,Intel Core Ultra 7 15500H,Intel Arc A750M,64,512,True,2.01,16.0,4.24,1953.2,110,117.19
Lenovo,Yoga Slim 7,Intel i7-14800H,NVIDIA RTX 4070,16,4096,False,1.04,14.0,2.27,2957.6,110,207.03
Lenovo,ThinkBook 14s,Intel i5-14600H,NVIDIA RTX 3050,16,4096,False,1.52,15.6,6.32,1907.6,110,114.46
Lenovo,ThinkBook 14s,AMD Ryzen 9 8900HX,NVIDIA RTX 4070,128,512,True,1.02,14.0,3.68,3915.2,110,234.91
Lenovo,IdeaPad 5,AMD Ryzen 7 8800H,AMD Radeon 780M,8,2048,False,1.44,14.0,3.82,2058.8,110,123.53
Lenovo,Yoga Slim 7,Intel i5-14600H,NVIDIA RTX 4050,16,1024,False,1.27,14.0,4.93,1900.4,110,133.03
Lenovo,ThinkPad X1 Carbon,Intel Core Ultra 9 15700H,Intel Arc A750M,128,512,False,2.46,16.0,4.0,2345.2,110,164.16
Lenovo,ThinkPad X1 Carbon,Intel Core Ultra 9 15700H,NVIDIA RTX 4080,128,4096,True,2.57,17.3,2.6,4023.6,110,281.65
Lenovo,ThinkBook 14s,Intel i5-14600H,NVIDIA RTX 4050,32,1024,False,2.49,16.0,6.8,1978.4,110,98.92
Lenovo,ThinkBook 14s,Intel i7-14800H,NVIDIA RTX 4070,64,512,False,1.27,14.0,5.56,2983.2,110,178.99
Lenovo,ThinkPad X1 Carbon,Intel Core Ultra 7 15500H,Intel Arc A750M,8,1024,False,1.47,14.0,5.84,1406.4,110,84.38
Lenovo,Legion 5,AMD Ryzen 5 8600H,NVIDIA RTX 4050,16,4096,True,1.64,15.6,5.92,2277.6,110,159.43
Lenovo,Yoga Slim 7,Intel Core Ultra 7 15500H,NVIDIA RTX 4070,16,256,True,2.01,15.6,4.25,2343.6,110,117.18
Lenovo,Legion 5,Intel Core Ultra 7 15500H,Intel Arc A750M,32,1024,False,3.03,17.3,5.27,1628.4,110,113.99
Lenovo,IdeaPad 5,AMD Ryzen 7 8800H,NVIDIA RTX 4070,8,1024,True,1.06,13.3,6.54,2706.4,110,189.45
Lenovo,Legion 5,AMD Ryzen 9 8900HX,NVIDIA RTX 4080,128,256,False,2.04,16.0,6.2,4119.59,110,247.18
Lenovo,Yoga Slim 7,Intel i7-14800H,NVIDIA RTX 4080,64,4096,True,2.79,18.4,2.76,3811.6,110,228.7
Lenovo,Yoga Slim 7,Intel Core Ultra 9 15700H,NVIDIA RTX 4070,16,2048,True,2.69,18.4,4.41,2522.8,110,176.6
Lenovo,Legion 5,AMD Ryzen 9 8900HX,NVIDIA RTX 4070,8,4096,True,2.89,18.4,2.12,3263.6,110,195.82
Lenovo,Yoga Slim 7,Intel i5-14600H,NVIDIA RTX 3050,32,256,False,1.42,13.3,5.92,1621.6,110,113.51
Lenovo,ThinkBook 14s,Intel i7-14800H,NVIDIA RTX 4080,64,256,True,2.33,15.6,5.57,3427.6,110,239.93
Lenovo,IdeaPad 5,Intel i5-14600H,NVIDIA RTX 3050,32,256,False,1.42,14.0,4.73,1621.6,110,97.3
Lenovo,ThinkBook 14s,AMD Ryzen 7 8800H,NVIDIA RTX 4070,32,256,True,2.01,16.0,6.3,2771.6,110,166.3
Lenovo,Legion 5,Intel Core Ultra 9 15700H,Intel Arc A750M,64,4096,False,2.58,17.3,5.77,2191.6,110,153.41
Lenovo,ThinkPad X1 Carbon,Intel i7-14700H,NVIDIA RTX 4070,8,2048,False,2.46,15.6,3.81,2638.8,110,158.33
Lenovo,IdeaPad 5,Intel i5-14600H,NVIDIA RTX 4050,32,512,False,1.58,16.0,2.4,1927.2,110,134.9
Lenovo,ThinkBook 14s,AMD Ryzen 9 8900HX,NVIDIA RTX 4070,32,1024,True,2.8,17.3,6.64,3148.4,110,188.9
Lenovo,IdeaPad 5,Intel i5-14500H,NVIDIA RTX 4050,8,512,False,1.02,14.0,3.29,1785.2,110,89.26
Lenovo,ThinkBook 14s,Intel i7-14800H,NVIDIA RTX 4070,128,256,True,1.79,16.0,3.8,3539.6,110,247.77
Lenovo,Yoga Slim 7,Intel i5-14500H,NVIDIA RTX 3050,16,2048,True,1.9,16.0,4.05,1822.8,110,91.14
Lenovo,IdeaPad 5,Intel i7-14800H,NVIDIA RTX 4070,8,2048,False,1.49,14.0,3.28,2608.8,110,182.62
Lenovo,Legion 5,Intel i9-14900HK,NVIDIA RTX 4080,128,512,True,3.26,18.4,2.37,4265.2,110,298.56
Lenovo,Yoga Slim 7,Intel i5-14500H,NVIDIA RTX 4050,8,512,False,1.48,13.3,3.8,1705.2,110,102.31
Lenovo,ThinkPad X1 Carbon,AMD Ryzen 5 8600H,AMD Radeon 680M,64,4096,False,2.03,16.0,4.23,2291.6,110,114.58
Lenovo,ThinkPad X1 Carbon,Intel i9-14900HK,NVIDIA RTX 4070,64,512,True,1.27,13.3,4.88,3403.2,110,204.19
Lenovo,Yoga Slim 7,AMD Ryzen 7 8800H,NVIDIA RTX 4060,64,256,False,1.29,14.0,4.36,2657.6,110,159.46
Lenovo,ThinkPad X1 Carbon,Intel i5-14500H,NVIDIA RTX 3050,128,512,False,1.8,15.6,4.33,2445.2,110,146.71
Lenovo,Legion 5,Intel Core Ultra 7 15500H,NVIDIA RTX 4060,8,4096,True,2.57,17.3,2.7,2363.6,110,118.18
Lenovo,ThinkPad X1 Carbon,Intel i9-14900HK,NVIDIA RTX 4070,128,512,True,2.33,15.6,6.61,3865.2,110,270.56
Lenovo,Legion 5,Intel i5-14600H,Intel Iris Xe,8,4096,False,1.1,13.3,3.83,1893.61,110,132.55
Lenovo,IdeaPad 5,Intel i9-14900HK,NVIDIA RTX 4080,128,256,True,3.01,18.4,2.99,4239.6,110,254.38
Lenovo,ThinkBook 14s,Intel i7-14700H,NVIDIA RTX 4060,16,1024,False,1.08,14.0,4.85,2350.4,110,164.53
Lenovo,Legion 5,Intel Core Ultra 9 15700H,NVIDIA RTX 4080,8,1024,False,2.7,18.4,4.25,2636.4,110,131.82
Lenovo,IdeaPad 5,Intel i7-14800H,NVIDIA RTX 4080,32,512,True,3.2,18.4,2.26,3197.2,110,159.86
Lenovo,ThinkPad X1 Carbon,Intel Core Ultra 9 15700H,NVIDIA RTX 4070,8,512,False,2.86,18.4,3.17,2185.2,110,131.11
Microsoft,Surface Go 3,Intel i7-14700H,NVIDIA RTX 4060,8,4096,True,2.47,16.0,3.15,2663.6,100,133.18
Microsoft,Surface Laptop 5,Intel Core Ultra 7 15500H,Intel Arc A750M,64,2048,False,2.75,17.3,3.21,1986.8,100,139.08
Microsoft,Surface Pro 8,AMD Ryzen 5 8600H,NVIDIA RTX 4050,32,512,False,1.03,13.3,6.87,1977.2,100,138.4
Microsoft,Surface Book 3,Intel Core Ultra 9 15700H,NVIDIA RTX 4080,32,512,False,2.63,17.3,4.46,2777.2,100,138.86
Microsoft,Surface Laptop Studio,Intel Core Ultra 9 15700H,NVIDIA RTX 4070,8,512,True,2.68,17.3,5.05,2305.2,100,138.31
Microsoft,Surface Book 3,Intel i7-14800H,NVIDIA RTX 4080,32,256,True,1.85,15.6,4.06,3171.6,100,158.58
Microsoft,Surface Go 3,Intel i5-14600H,NVIDIA RTX 3050,32,4096,True,1.06,13.3,4.16,2205.6,100,110.28
Microsoft,Surface Book 3,Intel Core Ultra 7 15500H,NVIDIA RTX 4060,64,2048,True,1.12,13.3,4.36,2656.8,100,132.84
Microsoft,Surface Pro 8,Intel i5-14600H,NVIDIA RTX 3050,64,4096,False,1.31,14.0,6.35,2261.6,100,158.31
Microsoft,Surface Pro 8,Intel i9-14900HK,NVIDIA RTX 4080,8,4096,False,2.43,16.0,2.79,3543.6,100,177.18
Microsoft,Surface Laptop 5,Intel i7-14700H,NVIDIA RTX 4060,16,512,True,3.06,18.4,4.24,2369.2,100,165.84
Microsoft,Surface Laptop Studio,Intel i7-14800H,NVIDIA RTX 4080,8,1024,False,1.25,13.3,5.08,2986.4,100,209.05
Microsoft,Surface Laptop Studio,Intel i5-14500H,Intel Iris Xe,16,2048,False,3.04,17.3,2.81,1702.8,100,119.2
Microsoft,Surface Laptop Studio,AMD Ryzen 9 8900HX,NVIDIA RTX 4080,16,512,True,1.88,15.6,5.15,3369.2,100,235.84
Microsoft,Surface Laptop Studio,AMD Ryzen 5 8600H,AMD Radeon 680M,64,4096,True,2.3,16.0,5.63,2411.6,100,168.81
Microsoft,Surface Laptop Studio,Intel i5-14600H,NVIDIA RTX 4050,128,256,False,3.02,18.4,3.64,2669.6,100,186.87
Microsoft,Surface Laptop Studio,Intel Core Ultra 9 15700H,NVIDIA RTX 4070,16,4096,True,1.37,13.3,3.24,2697.6,100,134.88
Microsoft,Surface Go 3,AMD Ryzen 5 8600H,NVIDIA RTX 3050,16,2048,True,1.18,14.0,2.43,1872.8,100,112.37
Microsoft,Surface Laptop 5,AMD Ryzen 7 8800H,NVIDIA RTX 4060,8,2048,False,2.69,17.3,3.24,2338.8,100,116.94
Microsoft,Surface Go 3,Intel Core Ultra 9 15700H,Intel Arc A750M,8,2048,False,3.1,17.3,6.79,1538.8,100,92.33
Microsoft,Surface Pro 8,AMD Ryzen 5 8600H,NVIDIA RTX 4050,32,512,True,2.14,16.0,3.43,2047.2,100,122.83
Microsoft,Surface Go 3,AMD Ryzen 5 8600H,AMD Radeon 680M,64,2048,True,1.56,15.6,5.09,2206.8,100,110.34
Microsoft,Surface Book 3,AMD Ryzen 9 8900HX,NVIDIA RTX 4070,128,256,False,1.96,15.6,5.28,3719.61,100,260.37
Microsoft,Surface Pro 8,Intel i5-14500H,NVIDIA RTX 4050,8,256,False,1.19,13.3,2.6,1759.6,100,105.58
Microsoft,Surface Laptop Studio,Intel Core Ultra 7 15500H,NVIDIA RTX 4060,32,1024,False,1.75,16.0,6.44,2128.4,100,127.7
Microsoft,Surface Laptop Studio,AMD Ryzen 5 8600H,NVIDIA RTX 4050,128,2048,False,1.23,13.3,3.42,2898.8,100,173.93
Microsoft,Surface Laptop Studio,Intel i9-14900HK,NVIDIA RTX 4080,8,2048,False,2.28,16.0,5.33,3338.8,100,166.94
Microsoft,Surface Book 3,Intel i7-14800H,NVIDIA RTX 4070,32,1024,True,2.46,15.6,2.85,2848.4,100,199.39
Microsoft,Surface Pro 8,AMD Ryzen 7 8800H,NVIDIA RTX 4060,8,2048,True,3.49,18.4,2.94,2458.8,100,147.53
Microsoft,Surface Go 3,Intel i5-14500H,Intel Iris Xe,32,256,True,2.39,16.0,4.49,1771.61,100,124.01
Microsoft,Surface Laptop Studio,Intel i7-14800H,NVIDIA RTX 4080,8,256,False,1.55,16.0,6.3,2859.61,100,200.17
Microsoft,Surface Laptop Studio,AMD Ryzen 5 8600H,AMD Radeon 680M,32,2048,False,1.28,14.0,6.87,1880.8,100,94.04
Microsoft,Surface Go 3,AMD Ryzen 7 8800H,NVIDIA RTX 4060,16,4096,True,2.37,15.6,6.02,2727.6,100,163.66
Microsoft,Surface Laptop Studio,Intel Core Ultra 7 15500H,Intel Arc A750M,64,2048,False,2.65,17.3,5.08,1986.8,100,99.34
Microsoft,Surface Book 3,Intel i7-14700H,NVIDIA RTX 4060,8,2048,True,1.94,15.6,3.85,2458.8,100,172.12
Microsoft,Surface Pro 8,AMD Ryzen 5 8600H,AMD Radeon 680M,32,4096,True,1.25,14.0,2.36,2205.6,100,132.34
Microsoft,Surface Book 3,AMD Ryzen 7 8800H,NVIDIA RTX 4060,64,2048,False,2.1,16.0,5.63,2786.8,100,167.21
Microsoft,Surface Go 3,Intel i5-14500H,NVIDIA RTX 4050,16,256,True,1.76,15.6,3.67,1893.59,100,94.68
Microsoft,Surface Book 3,Intel i5-14600H,NVIDIA RTX 4050,8,1024,True,1.8,15.6,5.49,1906.4,100,114.38
Microsoft,Surface Pro 8,Intel i9-14900HK,NVIDIA RTX 4070,8,512,False,1.55,16.0,6.94,2785.2,100,167.11
Microsoft,Surface Book 3,Intel i5-14600H,Intel Iris Xe,64,2048,False,2.0,16.0,6.32,2086.8,100,146.08
Microsoft,Surface Go 3,Intel i5-14500H,Intel Iris Xe,128,2048,False,2.76,17.3,3.97,2598.8,100,181.92
Microsoft,Surface Book 3,AMD Ryzen 7 8800H,NVIDIA RTX 4060,16,256,True,2.45,15.6,5.22,2343.6,100,140.62
Microsoft,Surface Laptop Studio,Intel i5-14600H,Intel Iris Xe,64,512,False,1.19,13.3,6.98,1983.2,100,138.82
Microsoft,Surface Laptop 5,Intel i7-14800H,NVIDIA RTX 4070,32,2048,True,1.91,16.0,6.09,2950.8,100,177.05
Microsoft,Surface Book 3,AMD Ryzen 7 8800H,NVIDIA RTX 4060,64,256,True,3.42,18.4,4.84,2727.6,100,163.66
Microsoft,Surface Laptop 5,AMD Ryzen 5 8600H,NVIDIA RTX 4050,64,4096,True,1.64,16.0,5.83,2661.6,100,186.31
Microsoft,Surface Pro 8,Intel i9-14900HK,NVIDIA RTX 4070,128,4096,True,3.27,18.4,6.3,4223.6,100,253.42
Microsoft,Surface Book 3,Intel i7-14800H,NVIDIA RTX 4060,16,512,True,1.83,15.6,2.81,2369.2,100,165.84
Microsoft,Surface Pro 8,AMD Ryzen 9 8900HX,AMD Radeon 780M,8,2048,False,1.19,14.0,2.3,2438.8,100,121.94
Microsoft,Surface Laptop Studio,Intel Core Ultra 7 15500H,NVIDIA RTX 4070,128,512,True,1.72,15.6,5.12,3265.2,100,228.56
Microsoft,Surface Laptop 5,AMD Ryzen 7 8800H,NVIDIA RTX 4060,32,512,True,2.12,15.6,5.51,2497.2,100,174.8
Microsoft,Surface Go 3,Intel i7-14800H,NVIDIA RTX 4060,32,256,True,1.06,13.3,3.71,2521.6,100,126.08
Microsoft,Surface Go 3,AMD Ryzen 9 8900HX,NVIDIA RTX 4080,16,4096,False,2.87,17.3,6.36,3607.6,100,216.46
Microsoft,Surface Laptop Studio,Intel Core Ultra 9 15700H,Intel Arc A750M,64,2048,False,1.35,14.0,2.6,1956.8,100,117.41
Microsoft,Surface Pro 8,AMD Ryzen 7 8800H,NVIDIA RTX 4060,32,256,True,2.46,16.0,5.59,2471.6,100,173.01
Microsoft,Surface Book 3,Intel i7-14700H,NVIDIA RTX 4070,8,4096,False,1.28,14.0,5.44,2893.6,100,202.55
Microsoft,Surface Laptop 5,AMD Ryzen 9 8900HX,AMD Radeon 780M,128,1024,False,2.45,16.0,6.08,3246.4,100,194.78
Microsoft,Surface Pro 8,Intel Core Ultra 7 15500H,NVIDIA RTX 4070,64,4096,False,1.33,13.3,2.73,2961.6,100,177.7
Microsoft,Surface Laptop Studio,Intel i7-14800H,NVIDIA RTX 4080,64,512,True,1.24,14.0,6.02,3503.2,100,210.19
Microsoft,Surface Pro 8,Intel i9-14900HK,NVIDIA RTX 4070,64,256,True,2.47,16.0,6.69,3327.6,100,232.93
Microsoft,Surface Go 3,AMD Ryzen 9 8900HX,AMD Radeon 780M,64,2048,True,2.15,16.0,6.7,2956.8,100,177.41
Microsoft,Surface Go 3,AMD Ryzen 9 8900HX,NVIDIA RTX 4070,8,256,True,1.44,14.0,2.49,2849.59,100,142.48
Microsoft,Surface Pro 8,Intel i9-14900HK,NVIDIA RTX 4080,128,1024,False,2.75,18.4,6.82,4196.4,100,293.75
Microsoft,Surface Laptop 5,AMD Ryzen 9 8900HX,NVIDIA RTX 4080,128,256,True,1.49,14.0,2.55,4209.6,100,210.48
Microsoft,Surface Laptop Studio,Intel i7-14800H,NVIDIA RTX 4060,16,1024,True,1.12,13.3,3.72,2470.4,100,172.93
Microsoft,Surface Pro 8,AMD Ryzen 9 8900HX,NVIDIA RTX 4080,32,1024,True,2.52,18.4,5.74,3548.4,100,177.42
Microsoft,Surface Book 3,AMD Ryzen 9 8900HX,NVIDIA RTX 4080,128,512,True,1.06,13.3,5.93,4315.2,100,215.76
Microsoft,Surface Book 3,Intel i7-14700H,NVIDIA RTX 4070,32,4096,True,2.8,18.4,6.69,3155.6,100,157.78
Microsoft,Surface Pro 8,Intel i9-14900HK,NVIDIA RTX 4080,32,2048,False,1.09,14.0,5.53,3580.8,100,214.85
Microsoft,Surface Laptop Studio,Intel i9-14900HK,NVIDIA RTX 4070,128,512,False,1.43,13.3,2.71,3715.2,100,185.76
Microsoft,Surface Go 3,AMD Ryzen 7 8800H,AMD Radeon 780M,64,1024,True,1.19,14.0,4.87,2604.4,100,130.22
Microsoft,Surface Book 3,Intel i7-14800H,NVIDIA RTX 4060,128,1024,True,1.84,15.6,5.04,3316.4,100,232.15
Microsoft,Surface Laptop 5,Intel i9-14900HK,NVIDIA RTX 4080,16,1024,True,1.08,13.3,2.87,3470.4,100,242.93
Microsoft,Surface Laptop Studio,AMD Ryzen 7 8800H,AMD Radeon 780M,64,256,True,1.61,15.6,6.72,2477.61,100,173.43
Microsoft,Surface Book 3,Intel i5-14600H,Intel Iris Xe,8,1024,False,2.93,17.3,3.96,1536.4,100,76.82
Microsoft,Surface Go 3,AMD Ryzen 5 8600H,NVIDIA RTX 3050,8,256,False,1.9,15.6,5.38,1459.6,100,72.98
Microsoft,Surface Laptop 5,AMD Ryzen 9 8900HX,NVIDIA RTX 4080,8,1024,False,2.94,18.4,6.61,3236.4,100,226.55
Microsoft,Surface Laptop Studio,Intel i5-14600H,NVIDIA RTX 4050,32,512,False,1.96,15.6,5.35,1927.19,100,96.36
Microsoft,Surface Book 3,AMD Ryzen 7 8800H,AMD Radeon 780M,128,2048,True,1.06,14.0,4.04,3218.8,100,193.13
Microsoft,Surface Go 3,Intel i7-14700H,NVIDIA RTX 4070,8,1024,False,1.73,16.0,6.77,2536.4,100,177.55
Microsoft,Surface Book 3,AMD Ryzen 7 8800H,AMD Radeon 780M,32,256,False,2.72,18.4,4.68,2101.61,100,126.1
Microsoft,Surface Pro 8,Intel i7-14700H,NVIDIA RTX 4070,8,512,False,1.36,14.0,4.54,2455.2,100,147.31
Microsoft,Surface Go 3,Intel i9-14900HK,NVIDIA RTX 4070,64,256,True,2.5,16.0,4.54,3327.6,100,232.93
Microsoft,Surface Book 3,Intel i9-14900HK,NVIDIA RTX 4070,64,256,True,1.18,13.3,2.05,3377.6,100,168.88
Microsoft,Surface Go 3,Intel i5-14500H,NVIDIA RTX 3050,128,256,True,2.97,18.4,2.12,2539.6,100,126.98
Microsoft,Surface Go 3,Intel i9-14900HK,NVIDIA RTX 4070,64,4096,False,1.61,16.0,4.07,3591.6,100,215.5
Microsoft,Surface Book 3,AMD Ryzen 5 8600H,NVIDIA RTX 4050,16,4096,True,2.08,15.6,5.31,2277.6,100,159.43
Microsoft,Surface Pro 8,Intel Core Ultra 9 15700H,NVIDIA RTX 4080,16,512,False,1.94,15.6,2.02,2649.2,100,185.44
Microsoft,Surface Go 3,Intel i9-14900HK,NVIDIA RTX 4070,128,256,True,3.29,17.3,3.58,3839.6,100,230.38
Microsoft,Surface Book 3,AMD Ryzen 5 8600H,NVIDIA RTX 4050,32,512,False,2.21,15.6,3.46,1927.2,100,134.9
Microsoft,Surface Laptop Studio,AMD Ryzen 5 8600H,NVIDIA RTX 3050,16,1024,False,1.17,14.0,4.18,1650.4,100,99.02
Microsoft,Surface Laptop 5,Intel Core Ultra 7 15500H,Intel Arc A750M,64,1024,True,1.62,16.0,6.1,2004.4,100,100.22
Microsoft,Surface Laptop Studio,AMD Ryzen 7 8800H,AMD Radeon 780M,128,256,False,3.18,18.4,5.61,2869.6,100,143.48
Microsoft,Surface Book 3,AMD Ryzen 7 8800H,NVIDIA RTX 4070,128,1024,True,3.14,17.3,3.15,3616.4,100,253.15
Microsoft,Surface Laptop Studio,Intel i7-14800H,NVIDIA RTX 4080,64,256,False,1.94,15.6,6.08,3307.6,100,165.38
Microsoft,Surface Laptop Studio,Intel Core Ultra 7 15500H,NVIDIA RTX 4060,16,1024,False,2.65,17.3,2.2,2000.4,100,120.02
Microsoft,Surface Laptop 5,Intel i5-14600H,NVIDIA RTX 3050,32,512,True,2.57,17.3,4.71,1797.2,100,89.86
Microsoft,Surface Go 3,Intel i7-14700H,NVIDIA RTX 4070,8,256,False,3.28,17.3,6.91,2459.6,100,122.98
Microsoft,Surface Book 3,Intel i5-14600H,NVIDIA RTX 3050,8,512,False,2.48,16.0,2.97,1485.2,100,89.11
Microsoft,Surface Book 3,Intel i7-14700H,NVIDIA RTX 4070,128,2048,True,1.94,16.0,6.9,3718.8,100,185.94
Microsoft,Surface Book 3,AMD Ryzen 7 8800H,NVIDIA RTX 4070,32,4096,False,3.31,18.4,4.83,3035.6,100,151.78
Microsoft,Surface Book 3,Intel i5-14600H,NVIDIA RTX 3050,64,256,False,1.61,15.6,5.52,1907.6,100,114.46
Microsoft,Surface Book 3,Intel i9-14900HK,NVIDIA RTX 4080,16,256,False,3.32,17.3,3.5,3223.6,100,161.18
Microsoft,Surface Pro 8,AMD Ryzen 7 8800H,AMD Radeon 780M,8,4096,True,2.81,17.3,2.33,2413.6,100,120.68
Microsoft,Surface Laptop 5,Intel i5-14500H,NVIDIA RTX 3050,32,2048,False,2.41,15.6,4.66,1830.8,100,128.16
Microsoft,Surface Pro 8,Intel i7-14800H,NVIDIA RTX 4080,64,1024,False,1.41,13.3,3.01,3354.4,100,234.81
Microsoft,Surface Pro 8,AMD Ryzen 7 8800H,NVIDIA RTX 4070,32,512,False,2.11,16.0,2.21,2677.2,100,133.86
Microsoft,Surface Laptop 5,Intel Core Ultra 7 15500H,NVIDIA RTX 4070,16,512,False,1.07,13.3,3.14,2299.21,100,114.96
Microsoft,Surface Laptop Studio,Intel i7-14700H,NVIDIA RTX 4060,32,512,False,1.45,13.3,2.64,2347.2,100,117.36
Microsoft,Surface Laptop Studio,Intel i7-14800H,NVIDIA RTX 4080,16,2048,True,2.11,16.0,5.72,3222.8,100,161.14
Microsoft,Surface Go 3,Intel Core Ultra 7 15500H,Intel Arc A750M,128,4096,True,3.28,17.3,4.81,2823.59,100,141.18
Microsoft,Surface Go 3,Intel i5-14600H,NVIDIA RTX 4050,16,1024,True,1.99,15.6,6.16,1970.4,100,137.93
Microsoft,Surface Pro 8,AMD Ryzen 7 8800H,AMD Radeon 780M,128,4096,False,1.12,14.0,6.14,3303.6,100,165.18
Microsoft,Surface Book 3,AMD Ryzen 5 8600H,AMD Radeon 680M,32,4096,False,1.35,14.0,2.39,2005.6,100,100.28
Microsoft,Surface Book 3,AMD Ryzen 5 8600H,NVIDIA RTX 3050,64,4096,True,3.21,17.3,3.7,2411.6,100,144.7
Microsoft,Surface Book 3,Intel i9-14900HK,NVIDIA RTX 4070,32,4096,True,1.04,14.0,3.51,3505.6,100,210.34
Microsoft,Surface Laptop 5,Intel i5-14500H,NVIDIA RTX 3050,64,1024,False,1.87,15.6,3.77,1984.4,100,99.22
Microsoft,Surface Pro 8,Intel i7-14700H,NVIDIA RTX 4070,128,256,True,1.26,13.3,6.73,3589.6,100,179.48
Microsoft,Surface Book 3,Intel i7-14700H,NVIDIA RTX 4060,8,512,True,1.08,13.3,2.17,2355.2,100,117.76
Microsoft,Surface Go 3,Intel Core Ultra 7 15500H,NVIDIA RTX 4060,32,1024,False,2.06,15.6,4.0,2128.4,100,148.99
Microsoft,Surface Go 3,AMD Ryzen 5 8600H,AMD Radeon 680M,128,4096,True,1.62,15.6,2.7,2923.6,100,204.65
Microsoft,Surface Laptop 5,AMD Ryzen 9 8900HX,AMD Radeon 780M,8,256,True,2.83,17.3,2.18,2329.6,100,139.78
Microsoft,Surface Book 3,Intel i5-14600H,NVIDIA RTX 4050,16,512,True,2.03,16.0,3.27,1919.2,100,134.34
Microsoft,Surface Pro 8,Intel i5-14500H,NVIDIA RTX 3050,8,256,False,1.37,13.3,6.36,1429.6,100,71.48
Microsoft,Surface Pro 8,AMD Ryzen 7 8800H,NVIDIA RTX 4070,32,256,False,1.1,14.0,6.46,2701.6,100,162.1
Microsoft,Surface Laptop 5,Intel i7-14700H,NVIDIA RTX 4060,64,256,True,1.06,13.3,2.39,2777.6,100,194.43
Microsoft,Surface Pro 8,Intel i9-14900HK,NVIDIA RTX 4080,32,256,True,1.01,13.3,3.49,3521.6,100,211.3
Microsoft,Surface Laptop Studio,Intel i7-14700H,NVIDIA RTX 4070,8,2048,False,1.31,14.0,3.52,2608.8,100,130.44
Microsoft,Surface Go 3,AMD Ryzen 7 8800H,AMD Radeon 780M,16,1024,True,1.22,13.3,3.18,2220.4,100,133.22
Microsoft,Surface Pro 8,Intel Core Ultra 7 15500H,NVIDIA RTX 4070,64,1024,False,3.31,17.3,5.32,2684.4,100,161.06
Microsoft,Surface Laptop 5,Intel Core Ultra 7 15500H,NVIDIA RTX 4070,128,2048,False,1.34,14.0,2.62,3268.8,100,163.44
Microsoft,Surface Laptop Studio,Intel i5-14600H,Intel Iris Xe,8,1024,False,2.0,16.0,6.98,1536.4,100,76.82
Microsoft,Surface Go 3,AMD Ryzen 5 8600H,NVIDIA RTX 3050,128,512,False,1.12,13.3,4.19,2495.2,100,124.76
Microsoft,Surface Go 3,Intel i9-14900HK,NVIDIA RTX 4070,64,2048,True,1.11,14.0,5.49,3556.8,100,248.98
Microsoft,Surface Go 3,AMD Ryzen 9 8900HX,AMD Radeon 780M,128,4096,True,3.0,18.4,5.8,3673.6,100,220.42
Microsoft,Surface Laptop 5,Intel Core Ultra 7 15500H,NVIDIA RTX 4060,16,256,False,1.14,14.0,4.95,1973.6,100,118.42
Microsoft,Surface Book 3,Intel i7-14800H,NVIDIA RTX 4080,16,256,True,1.59,15.6,5.2,3043.6,100,152.18
Microsoft,Surface Pro 8,AMD Ryzen 9 8900HX,NVIDIA RTX 4080,32,1024,True,1.02,13.3,3.35,3598.4,100,251.89
Microsoft,Surface Laptop 5,Intel i7-14800H,NVIDIA RTX 4080,32,1024,True,1.92,16.0,5.43,3248.4,100,194.9
Microsoft,Surface Laptop Studio,Intel i5-14600H,NVIDIA RTX 3050,8,512,False,1.15,14.0,6.8,1535.2,100,92.11
Microsoft,Surface Laptop Studio,Intel i7-14800H,NVIDIA RTX 4080,16,1024,False,3.18,18.4,2.61,3000.4,100,210.03
Microsoft,Surface Go 3,AMD Ryzen 9 8900HX,AMD Radeon 780M,16,4096,False,2.14,16.0,2.23,2657.6,100,159.46
Microsoft,Surface Laptop 5,Intel Core Ultra 7 15500H,Intel Arc A750M,16,2048,True,1.77,16.0,5.35,1722.8,100,103.37
Microsoft,Surface Go 3,AMD Ryzen 9 8900HX,NVIDIA RTX 4070,128,512,False,1.75,16.0,6.75,3745.2,100,187.26
Microsoft,Surface Pro 8,Intel i9-14900HK,NVIDIA RTX 4070,32,512,False,1.02,14.0,2.59,3027.2,100,151.36
Microsoft,Surface Book 3,Intel Core Ultra 9 15700H,Intel Arc A750M,32,2048,False,1.32,13.3,6.11,1700.8,100,102.05
Microsoft,Surface Laptop Studio,AMD Ryzen 9 8900HX,NVIDIA RTX 4070,128,256,True,1.2,14.0,3.84,3889.6,100,194.48
Microsoft,Surface Book 3,AMD Ryzen 5 8600H,AMD Radeon 680M,16,4096,True,2.7,18.4,6.41,2027.6,100,121.66
Microsoft,Surface Pro 8,AMD Ryzen 7 8800H,AMD Radeon 780M,32,1024,False,2.06,16.0,2.68,2178.4,100,108.92
Microsoft,Surface Pro 8,Intel Core Ultra 7 15500H,Intel Arc A750M,16,4096,False,1.73,15.6,6.74,1807.6,100,90.38
Microsoft,Surface Pro 8,AMD Ryzen 7 8800H,AMD Radeon 780M,16,256,True,1.04,13.3,5.65,2143.6,100,128.62
Microsoft,Surface Laptop 5,Intel i5-14600H,NVIDIA RTX 4050,16,256,False,3.33,18.4,5.98,1773.6,100,88.68
Microsoft,Surface Go 3,AMD Ryzen 7 8800H,NVIDIA RTX 4070,64,512,False,2.24,15.6,5.52,2933.2,100,146.66
Microsoft,Surface Book 3,AMD Ryzen 9 8900HX,AMD Radeon 780M,16,256,True,1.16,13.3,3.19,2443.6,100,146.62
Microsoft,Surface Go 3,Intel i7-14800H,NVIDIA RTX 4060,8,1024,False,2.2,15.6,4.65,2236.4,100,156.55
Microsoft,Surface Book 3,Intel i5-14500H,NVIDIA RTX 3050,64,2048,True,2.94,17.3,2.54,2206.8,100,110.34
Microsoft,Surface Laptop Studio,Intel i7-14700H,NVIDIA RTX 4070,64,1024,False,1.12,14.0,6.21,3034.4,100,212.41
Microsoft,Surface Book 3,AMD Ryzen 5 8600H,AMD Radeon 680M,8,4096,False,2.38,15.6,2.28,1843.6,100,92.18
Microsoft,Surface Pro 8,Intel i5-14500H,NVIDIA RTX 3050,32,4096,True,2.13,15.6,6.58,2155.6,100,129.34
Microsoft,Surface Go 3,Intel i7-14700H,NVIDIA RTX 4070,8,512,True,1.79,15.6,5.56,2605.2,100,130.26
Microsoft,Surface Book 3,AMD Ryzen 9 8900HX,NVIDIA RTX 4070,64,1024,True,1.24,14.0,3.64,3454.4,100,172.72
Microsoft,Surface Book 3,Intel i9-14900HK,NVIDIA RTX 4070,16,1024,False,1.09,13.3,5.12,2950.4,100,147.52
Microsoft,Surface Pro 8,Intel i7-14700H,NVIDIA RTX 4070,16,256,False,1.99,16.0,2.09,2523.6,100,126.18
Microsoft,Surface Laptop 5,Intel i7-14800H,NVIDIA RTX 4060,128,512,False,1.36,14.0,2.24,3115.2,100,186.91
Microsoft,Surface Book 3,AMD Ryzen 9 8900HX,NVIDIA RTX 4070,128,256,True,3.3,17.3,5.84,3839.6,100,191.98
Microsoft,Surface Pro 8,AMD Ryzen 5 8600H,AMD Radeon 680M,8,512,True,2.41,16.0,3.82,1605.2,100,112.36
Microsoft,Surface Laptop 5,AMD Ryzen 5 8600H,AMD Radeon 680M,128,512,False,2.07,16.0,2.56,2445.2,100,122.26
Microsoft,Surface Go 3,Intel i5-14500H,NVIDIA RTX 4050,32,256,False,1.96,16.0,6.53,1901.6,100,114.1
Microsoft,Surface Go 3,Intel i7-14800H,NVIDIA RTX 4070,32,512,False,1.15,13.3,6.6,2727.19,100,136.36
Microsoft,Surface Go 3,Intel i9-14900HK,NVIDIA RTX 4070,8,256,True,2.46,15.6,2.99,2879.6,100,201.57
Microsoft,Surface Book 3,AMD Ryzen 5 8600H,AMD Radeon 680M,64,4096,True,3.13,18.4,5.17,2411.6,100,144.7
Microsoft,Surface Laptop 5,Intel i9-14900HK,NVIDIA RTX 4080,32,512,True,2.12,16.0,2.65,3497.2,100,174.86
Microsoft,Surface Go 3,Intel i7-14700H,NVIDIA RTX 4060,16,1024,True,1.05,14.0,3.99,2470.4,100,123.52
